5941280000000,11408,5941280000000,,109.0,745069745.07,3.0
5941290000000,11409,5941290000000,,109.0,754689754.69,3.0
5941300000000,11410,5941300000000,,109.0,764309764.31,3.0
5941310000000,11411,5941310000000,,109.0,773929773.93,3.0
5941310000000,11412,5941310000000,,109.0,783549783.55,3.0
5941320000000,11413,5941320000000,,109.0,793169793.17,3.0
5941330000000,11414,5941330000000,,109.0,802789802.79,3.0
5941340000000,11415,5941340000000,,109.0,812409812.41,3.0
5941350000000,11416,5941350000000,,109.0,822029822.03,3.0
5941360000000,11417,5941360000000,,109.0,831649831.65,3.0
5941370000000,11418,5941370000000,,109.0,841269841.27,3.0
5941380000000,11419,5941380000000,,109.0,850889850.89,3.0
5941390000000,11420,5941390000000,,109.0,860509860.51,3.0
5941400000000,11421,5941400000000,,109.0,870129870.13,3.0
5941410000000,11422,5941410000000,,109.0,879749879.75,3.0
5941420000000,11423,5941420000000,,109.0,889369889.37,3.0
5941460000000,11424,5941460000000,,109.0,898989898.99,3.0
5941460000000,11425,5941460000000,,109.0,908609908.61,3.0
5941470000000,11426,5941470000000,,109.0,918229918.23,3.0
5941480000000,11427,5941480000000,,109.0,927849927.85,3.0
5941490000000,11428,5941490000000,,109.0,937469937.47,3.0
5941500000000,11429,5941500000000,,109.0,947089947.09,3.0
5941510000000,11430,5941510000000,,109.0,956709956.71,3.0
5941520000000,11431,5941520000000,,109.0,966329966.33,3.0
5941530000000,11432,5941530000000,,109.0,975949975.95,3.0
5941540000000,11433,5941540000000,,109.0,985569985.57,3.0
5941550000000,11434,5941550000000,,109.0,995189995.19,3.0
5941560000000,11435,5941560000000,,110.0,4810004.81,3.0
5941570000000,11436,5941570000000,,110.0,14430014.43,3.0
5941580000000,11437,5941580000000,,110.0,24050024.05,3.0
5941590000000,11438,5941590000000,,110.0,33670033.67,3.0
5941600000000,11439,5941600000000,,110.0,43290043.29,3.0
5941610000000,11440,5941610000000,,110.0,52910052.91,3.0
5941620000000,11441,5941620000000,,110.0,62530062.53,3.0
5941620000000,11442,5941620000000,,110.0,72150072.1501,3.0
5941630000000,11443,5941630000000,,110.0,81770081.7701,3.0
5941640000000,11444,5941640000000,,110.0,91390091.3901,3.0
5941650000000,11445,5941650000000,,110.0,101010101.01,3.0
5941660000000,11446,5941660000000,,110.0,110630110.63,3.0
5941670000000,11447,5941670000000,,110.0,120250120.25,3.0
5941680000000,11448,5941680000000,,110.0,129870129.87,3.0
5941690000000,11449,5941690000000,,110.0,139490139.49,3.0
5941700000000,11450,5941700000000,,110.0,149110149.11,3.0
5941720000000,11451,5941720000000,,110.0,158730158.73,3.0
5941720000000,11452,5941720000000,,110.0,168350168.35,3.0
5941730000000,11453,5941730000000,,110.0,177970177.97,3.0
5941740000000,11454,5941740000000,,110.0,187590187.59,3.0
5941750000000,11455,5941750000000,,110.0,197210197.21,3.0
5941760000000,11456,5941760000000,,110.0,206830206.83,3.0
5941770000000,11457,5941770000000,,110.0,216450216.45,3.0
5941780000000,11458,5941780000000,,110.0,226070226.07,3.0
5941790000000,11459,5941790000000,,110.0,235690235.69,3.0
5941800000000,11460,5941800000000,,110.0,245310245.31,3.0
5941810000000,11461,5941810000000,,110.0,254930254.93,3.0
5941820000000,11462,5941820000000,,110.0,264550264.55,3.0
5941830000000,11463,5941830000000,,110.0,274170274.17,3.0
5941840000000,11464,5941840000000,,110.0,283790283.79,3.0
5941850000000,11465,5941850000000,,110.0,293410293.41,3.0
5941860000000,11466,5941860000000,,110.0,303030303.03,3.0
5941870000000,11467,5941870000000,,110.0,312650312.65,3.0
5941880000000,11468,5941880000000,,110.0,322270322.27,3.0
5941890000000,11469,5941890000000,,110.0,331890331.89,3.0
5941900000000,11470,5941900000000,,110.0,341510341.51,3.0
5941900000000,11471,5941900000000,,110.0,351130351.13,3.0
5941910000000,11472,5941910000000,,110.0,360750360.75,3.0
5941920000000,11473,5941920000000,,110.0,370370370.37,3.0
5941930000000,11474,5941930000000,,110.0,379990379.99,3.0
5941940000000,11475,5941940000000,,110.0,389610389.61,3.0
5941950000000,11476,5941950000000,,110.0,399230399.23,3.0
5941960000000,11477,5941960000000,,110.0,408850408.85,3.0
5941990000000,11478,5941990000000,,110.0,418470418.47,3.0
5942000000000,11479,5942000000000,,110.0,428090428.09,3.0
5942010000000,11480,5942010000000,,110.0,437710437.71,3.0
5942020000000,11481,5942020000000,,110.0,447330447.33,3.0
5942030000000,11482,5942030000000,,110.0,456950456.95,3.0
5942040000000,11483,5942040000000,,110.0,466570466.57,3.0
5942050000000,11484,5942050000000,,110.0,476190476.19,3.0
5942050000000,11485,5942050000000,,110.0,485810485.81,3.0
5942060000000,11486,5942060000000,,110.0,495430495.43,3.0
5942070000000,11487,5942070000000,,110.0,505050505.05,3.0
5942080000000,11488,5942080000000,,110.0,514670514.671,3.0
5942090000000,11489,5942090000000,,110.0,524290524.291,3.0
5942100000000,11490,5942100000000,,110.0,533910533.911,3.0
5942110000000,11491,5942110000000,,110.0,543530543.531,3.0
5942120000000,11492,5942120000000,,110.0,553150553.151,3.0
5942130000000,11493,5942130000000,,110.0,562770562.771,3.0
5942140000000,11494,5942140000000,,110.0,572390572.391,3.0
5942150000000,11495,5942150000000,,110.0,582010582.011,3.0
5942160000000,11496,5942160000000,,110.0,591630591.631,3.0
5942170000000,11497,5942170000000,,110.0,601250601.251,3.0
5942180000000,11498,5942180000000,,110.0,610870610.871,3.0
5942190000000,11499,5942190000000,,110.0,620490620.491,3.0
5942200000000,11500,5942200000000,,110.0,630110630.111,3.0
5942210000000,11501,5942210000000,,110.0,639730639.731,3.0
5942220000000,11502,5942220000000,,110.0,649350649.351,3.0
5942230000000,11503,5942230000000,,110.0,658970658.971,3.0
5942240000000,11504,5942240000000,,110.0,668590668.591,3.0
5942250000000,11505,5942250000000,,110.0,678210678.211,3.0
5942260000000,11506,5942260000000,,110.0,687830687.831,3.0
5942270000000,11507,5942270000000,,110.0,697450697.451,3.0
5942280000000,11508,5942280000000,,110.0,707070707.071,3.0
5942290000000,11509,5942290000000,,110.0,716690716.691,3.0
5942300000000,11510,5942300000000,,110.0,726310726.311,3.0
5942310000000,11511,5942310000000,,110.0,735930735.931,3.0
5942310000000,11512,5942310000000,,110.0,745550745.551,3.0
5942320000000,11513,5942320000000,,110.0,755170755.171,3.0
5942330000000,11514,5942330000000,,110.0,764790764.791,3.0
5942340000000,11515,5942340000000,,110.0,774410774.411,3.0
5942350000000,11516,5942350000000,,110.0,784030784.031,3.0
5942360000000,11517,5942360000000,,110.0,793650793.651,3.0
5942370000000,11518,5942370000000,,110.0,803270803.271,3.0
5942380000000,11519,5942380000000,,110.0,812890812.891,3.0
5942390000000,11520,5942390000000,,110.0,822510822.511,3.0
5942400000000,11521,5942400000000,,110.0,832130832.131,3.0
5942410000000,11522,5942410000000,,110.0,841750841.751,3.0
5942420000000,11523,5942420000000,,110.0,851370851.371,3.0
5942430000000,11524,5942430000000,,110.0,860990860.991,3.0
5942440000000,11525,5942440000000,,110.0,870610870.611,3.0
5942450000000,11526,5942450000000,,110.0,880230880.231,3.0
5942460000000,11527,5942460000000,,110.0,889850889.851,3.0
5942470000000,11528,5942470000000,,110.0,899470899.471,3.0
5942480000000,11529,5942480000000,,110.0,909090909.091,3.0
5942490000000,11530,5942490000000,,110.0,918710918.711,3.0
5942500000000,11531,5942500000000,,110.0,928330928.331,3.0
5942530000000,11532,5942530000000,,110.0,937950937.951,3.0
5942540000000,11533,5942540000000,,110.0,947570947.571,3.0
5942550000000,11534,5942550000000,,110.0,957190957.191,3.0
5942560000000,11535,5942560000000,,110.0,966810966.811,3.0
5942570000000,11536,5942570000000,,110.0,976430976.431,3.0
5942580000000,11537,5942580000000,,110.0,986050986.051,3.0
5942590000000,11538,5942590000000,,110.0,995670995.671,3.0
5942600000000,11539,5942600000000,,111.0,5291005.29099,3.0
5942610000000,11540,5942610000000,,111.0,14911014.911,3.0
5942620000000,11541,5942620000000,,111.0,24531024.531,3.0
5942630000000,11542,5942630000000,,111.0,34151034.151,3.0
5942640000000,11543,5942640000000,,111.0,43771043.771,3.0
5942650000000,11544,5942650000000,,111.0,53391053.391,3.0
5942660000000,11545,5942660000000,,111.0,63011063.011,3.0
5942670000000,11546,5942670000000,,111.0,72631072.6311,3.0
5942670000000,11547,5942670000000,,111.0,82251082.2511,3.0
5942680000000,11548,5942680000000,,111.0,91871091.8711,3.0
5942690000000,11549,5942690000000,,111.0,101491101.491,3.0
5942700000000,11550,5942700000000,,111.0,111111111.111,3.0
5942710000000,11551,5942710000000,,111.0,120731120.731,3.0
5942720000000,11552,5942720000000,,111.0,130351130.351,3.0
5942730000000,11553,5942730000000,,111.0,139971139.971,3.0
5942740000000,11554,5942740000000,,111.0,149591149.591,3.0
5942750000000,11555,5942750000000,,111.0,159211159.211,3.0
5942760000000,11556,5942760000000,,111.0,168831168.831,3.0
5942770000000,11557,5942770000000,,111.0,178451178.451,3.0
5942780000000,11558,5942780000000,,111.0,188071188.071,3.0
5942800000000,11559,5942800000000,,111.0,197691197.691,3.0
5942800000000,11560,5942800000000,,111.0,207311207.311,3.0
5942810000000,11561,5942810000000,,111.0,216931216.931,3.0
5942820000000,11562,5942820000000,,111.0,226551226.551,3.0
5942830000000,11563,5942830000000,,111.0,236171236.171,3.0
5942840000000,11564,5942840000000,,111.0,245791245.791,3.0
5942850000000,11565,5942850000000,,111.0,255411255.411,3.0
5942860000000,11566,5942860000000,,111.0,265031265.031,3.0
5942870000000,11567,5942870000000,,111.0,274651274.651,3.0
5942880000000,11568,5942880000000,,111.0,284271284.271,3.0
5942890000000,11569,5942890000000,,111.0,293891293.891,3.0
5942900000000,11570,5942900000000,,111.0,303511303.511,3.0
5942910000000,11571,5942910000000,,111.0,313131313.131,3.0
5942920000000,11572,5942920000000,,111.0,322751322.751,3.0
5942930000000,11573,5942930000000,,111.0,332371332.371,3.0
5942940000000,11574,5942940000000,,111.0,341991341.991,3.0
5942950000000,11575,5942950000000,,111.0,351611351.611,3.0
5942960000000,11576,5942960000000,,111.0,361231361.231,3.0
5942970000000,11577,5942970000000,,111.0,370851370.851,3.0
5942970000000,11578,5942970000000,,111.0,380471380.471,3.0
5942980000000,11579,5942980000000,,111.0,390091390.091,3.0
5942990000000,11580,5942990000000,,111.0,399711399.711,3.0
5943000000000,11581,5943000000000,,111.0,409331409.331,3.0
5943010000000,11582,5943010000000,,111.0,418951418.951,3.0
5943020000000,11583,5943020000000,,111.0,428571428.571,3.0
5943030000000,11584,5943030000000,,111.0,438191438.191,3.0
5943040000000,11585,5943040000000,,111.0,447811447.811,3.0
5943070000000,11586,5943070000000,,111.0,457431457.431,3.0
5943080000000,11587,5943080000000,,111.0,467051467.051,3.0
5943090000000,11588,5943090000000,,111.0,476671476.671,3.0
5943100000000,11589,5943100000000,,111.0,486291486.291,3.0
5943110000000,11590,5943110000000,,111.0,495911495.911,3.0
5943110000000,11591,5943110000000,,111.0,505531505.531,3.0
5943120000000,11592,5943120000000,,111.0,515151515.152,3.0
5943130000000,11593,5943130000000,,111.0,524771524.772,3.0
5943140000000,11594,5943140000000,,111.0,534391534.392,3.0
5943150000000,11595,5943150000000,,111.0,544011544.012,3.0
5943160000000,11596,5943160000000,,111.0,553631553.632,3.0
5943170000000,11597,5943170000000,,111.0,563251563.252,3.0
5943180000000,11598,5943180000000,,111.0,572871572.872,3.0
5943190000000,11599,5943190000000,,111.0,582491582.492,3.0
5943200000000,11600,5943200000000,,111.0,592111592.112,3.0
5943210000000,11601,5943210000000,,111.0,601731601.732,3.0
5943220000000,11602,5943220000000,,111.0,611351611.352,3.0
5943230000000,11603,5943230000000,,111.0,620971620.972,3.0
5943240000000,11604,5943240000000,,111.0,630591630.592,3.0
5943250000000,11605,5943250000000,,111.0,640211640.212,3.0
5943260000000,11606,5943260000000,,111.0,649831649.832,3.0
5943270000000,11607,5943270000000,,111.0,659451659.452,3.0
5943280000000,11608,5943280000000,,111.0,669071669.072,3.0
5943290000000,11609,5943290000000,,111.0,678691678.692,3.0
5943300000000,11610,5943300000000,,111.0,688311688.312,3.0
5943310000000,11611,5943310000000,,111.0,697931697.932,3.0
5943320000000,11612,5943320000000,,111.0,707551707.552,3.0
5943330000000,11613,5943330000000,,111.0,717171717.172,3.0
5943340000000,11614,5943340000000,,111.0,726791726.792,3.0
5943350000000,11615,5943350000000,,111.0,736411736.412,3.0
5943360000000,11616,5943360000000,,111.0,746031746.032,3.0
5943370000000,11617,5943370000000,,111.0,755651755.652,3.0
5943380000000,11618,5943380000000,,111.0,765271765.272,3.0
5943380000000,11619,5943380000000,,111.0,774891774.892,3.0
5943390000000,11620,5943390000000,,111.0,784511784.512,3.0
5943400000000,11621,5943400000000,,111.0,794131794.132,3.0
5943410000000,11622,5943410000000,,111.0,803751803.752,3.0
5943420000000,11623,5943420000000,,111.0,813371813.372,3.0
5943430000000,11624,5943430000000,,111.0,822991822.992,3.0
5943440000000,11625,5943440000000,,111.0,832611832.612,3.0
5943450000000,11626,5943450000000,,111.0,842231842.232,3.0
5943460000000,11627,5943460000000,,111.0,851851851.852,3.0
5943470000000,11628,5943470000000,,111.0,861471861.472,3.0
5943480000000,11629,5943480000000,,111.0,871091871.092,3.0
5943490000000,11630,5943490000000,,111.0,880711880.712,3.0
5943500000000,11631,5943500000000,,111.0,890331890.332,3.0
5943510000000,11632,5943510000000,,111.0,899951899.952,3.0
5943520000000,11633,5943520000000,,111.0,909571909.572,3.0
5943530000000,11634,5943530000000,,111.0,919191919.192,3.0
5943540000000,11635,5943540000000,,111.0,928811928.812,3.0
5943550000000,11636,5943550000000,,111.0,938431938.432,3.0
5943560000000,11637,5943560000000,,111.0,948051948.052,3.0
5943570000000,11638,5943570000000,,111.0,957671957.672,3.0
5943580000000,11639,5943580000000,,111.0,967291967.292,3.0
5943620000000,11640,5943620000000,,111.0,976911976.912,3.0
5943620000000,11641,5943620000000,,111.0,986531986.532,3.0
5943630000000,11642,5943630000000,,111.0,996151996.152,3.0
5943640000000,11643,5943640000000,,112.0,5772005.77199,3.0
5943650000000,11644,5943650000000,,112.0,15392015.392,3.0
5943660000000,11645,5943660000000,,112.0,25012025.012,3.0
5943670000000,11646,5943670000000,,112.0,34632034.632,3.0
5943680000000,11647,5943680000000,,112.0,44252044.252,3.0
5943690000000,11648,5943690000000,,112.0,53872053.872,3.0
5943700000000,11649,5943700000000,,112.0,63492063.4921,3.0
5943710000000,11650,5943710000000,,112.0,73112073.1121,3.0
5943720000000,11651,5943720000000,,112.0,82732082.7321,3.0
5943730000000,11652,5943730000000,,112.0,92352092.3521,3.0
5943740000000,11653,5943740000000,,112.0,101972101.972,3.0
5943750000000,11654,5943750000000,,112.0,111592111.592,3.0
5943760000000,11655,5943760000000,,112.0,121212121.212,3.0
5943770000000,11656,5943770000000,,112.0,130832130.832,3.0
5943780000000,11657,5943780000000,,112.0,140452140.452,3.0
5943790000000,11658,5943790000000,,112.0,150072150.072,3.0
5943800000000,11659,5943800000000,,112.0,159692159.692,3.0
5943810000000,11660,5943810000000,,112.0,169312169.312,3.0
5943820000000,11661,5943820000000,,112.0,178932178.932,3.0
5943820000000,11662,5943820000000,,112.0,188552188.552,3.0
5943830000000,11663,5943830000000,,112.0,198172198.172,3.0
5943840000000,11664,5943840000000,,112.0,207792207.792,3.0
5943850000000,11665,5943850000000,,112.0,217412217.412,3.0
5943860000000,11666,5943860000000,,112.0,227032227.032,3.0
5943880000000,11667,5943880000000,,112.0,236652236.652,3.0
5943880000000,11668,5943880000000,,112.0,246272246.272,3.0
5943890000000,11669,5943890000000,,112.0,255892255.892,3.0
5943900000000,11670,5943900000000,,112.0,265512265.512,3.0
5943910000000,11671,5943910000000,,112.0,275132275.132,3.0
5943920000000,11672,5943920000000,,112.0,284752284.752,3.0
5943930000000,11673,5943930000000,,112.0,294372294.372,3.0
5943940000000,11674,5943940000000,,112.0,303992303.992,3.0
5943950000000,11675,5943950000000,,112.0,313612313.612,3.0
5943960000000,11676,5943960000000,,112.0,323232323.232,3.0
5943970000000,11677,5943970000000,,112.0,332852332.852,3.0
5943980000000,11678,5943980000000,,112.0,342472342.472,3.0
5943990000000,11679,5943990000000,,112.0,352092352.092,3.0
5944000000000,11680,5944000000000,,112.0,361712361.712,3.0
5944010000000,11681,5944010000000,,112.0,371332371.332,3.0
5944020000000,11682,5944020000000,,112.0,380952380.952,3.0
5944030000000,11683,5944030000000,,112.0,390572390.572,3.0
5944040000000,11684,5944040000000,,112.0,400192400.192,3.0
5944050000000,11685,5944050000000,,112.0,409812409.812,3.0
5944060000000,11686,5944060000000,,112.0,419432419.432,3.0
5944070000000,11687,5944070000000,,112.0,429052429.052,3.0
5944080000000,11688,5944080000000,,112.0,438672438.672,3.0
5944090000000,11689,5944090000000,,112.0,448292448.292,3.0
5944100000000,11690,5944100000000,,112.0,457912457.912,3.0
5944110000000,11691,5944110000000,,112.0,467532467.532,3.0
5944120000000,11692,5944120000000,,112.0,477152477.152,3.0
5944120000000,11693,5944120000000,,112.0,486772486.772,3.0
5944150000000,11694,5944150000000,,112.0,496392496.392,3.0
5944160000000,11695,5944160000000,,112.0,506012506.012,3.0
5944170000000,11696,5944170000000,,112.0,515632515.633,3.0
5944180000000,11697,5944180000000,,112.0,525252525.253,3.0
5944190000000,11698,5944190000000,,112.0,534872534.873,3.0
5944200000000,11699,5944200000000,,112.0,544492544.493,3.0
5944210000000,11700,5944210000000,,112.0,554112554.113,3.0
5944210000000,11701,5944210000000,,112.0,563732563.733,3.0
5944220000000,11702,5944220000000,,112.0,573352573.353,3.0
5944230000000,11703,5944230000000,,112.0,582972582.973,3.0
5944240000000,11704,5944240000000,,112.0,592592592.593,3.0
5944250000000,11705,5944250000000,,112.0,602212602.213,3.0
5944260000000,11706,5944260000000,,112.0,611832611.833,3.0
5944270000000,11707,5944270000000,,112.0,621452621.453,3.0
5944280000000,11708,5944280000000,,112.0,631072631.073,3.0
5944290000000,11709,5944290000000,,112.0,640692640.693,3.0
5944300000000,11710,5944300000000,,112.0,650312650.313,3.0
5944310000000,11711,5944310000000,,112.0,659932659.933,3.0
5944320000000,11712,5944320000000,,112.0,669552669.553,3.0
5944330000000,11713,5944330000000,,112.0,679172679.173,3.0
5944340000000,11714,5944340000000,,112.0,688792688.793,3.0
5944350000000,11715,5944350000000,,112.0,698412698.413,3.0
5944360000000,11716,5944360000000,,112.0,708032708.033,3.0
5944370000000,11717,5944370000000,,112.0,717652717.653,3.0
5944380000000,11718,5944380000000,,112.0,727272727.273,3.0
5944380000000,11719,5944380000000,,112.0,736892736.893,3.0
5944390000000,11720,5944390000000,,112.0,746512746.513,3.0
5944410000000,11721,5944410000000,,112.0,756132756.133,3.0
5944410000000,11722,5944410000000,,112.0,765752765.753,3.0
5944420000000,11723,5944420000000,,112.0,775372775.373,3.0
5944430000000,11724,5944430000000,,112.0,784992784.993,3.0
5944440000000,11725,5944440000000,,112.0,794612794.613,3.0
5944450000000,11726,5944450000000,,112.0,804232804.233,3.0
5944460000000,11727,5944460000000,,112.0,813852813.853,3.0
5944470000000,11728,5944470000000,,112.0,823472823.473,3.0
5944480000000,11729,5944480000000,,112.0,833092833.093,3.0
5944490000000,11730,5944490000000,,112.0,842712842.713,3.0
5944500000000,11731,5944500000000,,112.0,852332852.333,3.0
5944510000000,11732,5944510000000,,112.0,861952861.953,3.0
5944520000000,11733,5944520000000,,112.0,871572871.573,3.0
5944530000000,11734,5944530000000,,112.0,881192881.193,3.0
5944540000000,11735,5944540000000,,112.0,890812890.813,3.0
5944550000000,11736,5944550000000,,112.0,900432900.433,3.0
5944560000000,11737,5944560000000,,112.0,910052910.053,3.0
5944570000000,11738,5944570000000,,112.0,919672919.673,3.0
5944580000000,11739,5944580000000,,112.0,929292929.293,3.0
5944590000000,11740,5944590000000,,112.0,938912938.913,3.0
5944600000000,11741,5944600000000,,112.0,948532948.533,3.0
5944610000000,11742,5944610000000,,112.0,958152958.153,3.0
5944620000000,11743,5944620000000,,112.0,967772967.773,3.0
5944630000000,11744,5944630000000,,112.0,977392977.393,3.0
5944640000000,11745,5944640000000,,112.0,987012987.013,3.0
5944650000000,11746,5944650000000,,112.0,996632996.633,3.0
5944660000000,11747,5944660000000,,113.0,6253006.25299,3.0
5944690000000,11748,5944690000000,,113.0,15873015.873,3.0
5944700000000,11749,5944700000000,,113.0,25493025.493,3.0
5944710000000,11750,5944710000000,,113.0,35113035.113,3.0
5944720000000,11751,5944720000000,,113.0,44733044.733,3.0
5944730000000,11752,5944730000000,,113.0,54353054.353,3.0
5944740000000,11753,5944740000000,,113.0,63973063.9731,3.0
5944750000000,11754,5944750000000,,113.0,73593073.5931,3.0
5944750000000,11755,5944750000000,,113.0,83213083.2131,3.0
5944770000000,11756,5944770000000,,113.0,92833092.8331,3.0
5944780000000,11757,5944780000000,,113.0,102453102.453,3.0
5944790000000,11758,5944790000000,,113.0,112073112.073,3.0
5944790000000,11759,5944790000000,,113.0,121693121.693,3.0
5944800000000,11760,5944800000000,,113.0,131313131.313,3.0
5944810000000,11761,5944810000000,,113.0,140933140.933,3.0
5944820000000,11762,5944820000000,,113.0,150553150.553,3.0
5944830000000,11763,5944830000000,,113.0,160173160.173,3.0
5944840000000,11764,5944840000000,,113.0,169793169.793,3.0
5944850000000,11765,5944850000000,,113.0,179413179.413,3.0
5944860000000,11766,5944860000000,,113.0,189033189.033,3.0
5944870000000,11767,5944870000000,,113.0,198653198.653,3.0
5944880000000,11768,5944880000000,,113.0,208273208.273,3.0
5944890000000,11769,5944890000000,,113.0,217893217.893,3.0
5944900000000,11770,5944900000000,,113.0,227513227.513,3.0
5944910000000,11771,5944910000000,,113.0,237133237.133,3.0
5944920000000,11772,5944920000000,,113.0,246753246.753,3.0
5944930000000,11773,5944930000000,,113.0,256373256.373,3.0
5944940000000,11774,5944940000000,,113.0,265993265.993,3.0
5944950000000,11775,5944950000000,,113.0,275613275.613,3.0
5944960000000,11776,5944960000000,,113.0,285233285.233,3.0
5944970000000,11777,5944970000000,,113.0,294853294.853,3.0
5944980000000,11778,5944980000000,,113.0,304473304.473,3.0
5944980000000,11779,5944980000000,,113.0,314093314.093,3.0
5944990000000,11780,5944990000000,,113.0,323713323.713,3.0
5945000000000,11781,5945000000000,,113.0,333333333.333,3.0
5945010000000,11782,5945010000000,,113.0,342953342.953,3.0
5945020000000,11783,5945020000000,,113.0,352573352.573,3.0
5945030000000,11784,5945030000000,,113.0,362193362.193,3.0
5945040000000,11785,5945040000000,,113.0,371813371.813,3.0
5945050000000,11786,5945050000000,,113.0,381433381.433,3.0
5945060000000,11787,5945060000000,,113.0,391053391.053,3.0
5945070000000,11788,5945070000000,,113.0,400673400.673,3.0
5945080000000,11789,5945080000000,,113.0,410293410.293,3.0
5945090000000,11790,5945090000000,,113.0,419913419.913,3.0
5945100000000,11791,5945100000000,,113.0,429533429.533,3.0
5945110000000,11792,5945110000000,,113.0,439153439.153,3.0
5945120000000,11793,5945120000000,,113.0,448773448.773,3.0
5945130000000,11794,5945130000000,,113.0,458393458.393,3.0
5945140000000,11795,5945140000000,,113.0,468013468.013,3.0
5945150000000,11796,5945150000000,,113.0,477633477.633,3.0
5945160000000,11797,5945160000000,,113.0,487253487.253,3.0
5945170000000,11798,5945170000000,,113.0,496873496.873,3.0
5945180000000,11799,5945180000000,,113.0,506493506.493,3.0
5945190000000,11800,5945190000000,,113.0,516113516.114,3.0
5945200000000,11801,5945200000000,,113.0,525733525.734,3.0
5945220000000,11802,5945220000000,,113.0,535353535.354,3.0
5945230000000,11803,5945230000000,,113.0,544973544.974,3.0
5945240000000,11804,5945240000000,,113.0,554593554.594,3.0
5945250000000,11805,5945250000000,,113.0,564213564.214,3.0
5945260000000,11806,5945260000000,,113.0,573833573.834,3.0
5945270000000,11807,5945270000000,,113.0,583453583.454,3.0
5945280000000,11808,5945280000000,,113.0,593073593.074,3.0
5945290000000,11809,5945290000000,,113.0,602693602.694,3.0
5945300000000,11810,5945300000000,,113.0,612313612.314,3.0
5945310000000,11811,5945310000000,,113.0,621933621.934,3.0
5945320000000,11812,5945320000000,,113.0,631553631.554,3.0
5945330000000,11813,5945330000000,,113.0,641173641.174,3.0
5945340000000,11814,5945340000000,,113.0,650793650.794,3.0
5945350000000,11815,5945350000000,,113.0,660413660.414,3.0
5945360000000,11816,5945360000000,,113.0,670033670.034,3.0
5945370000000,11817,5945370000000,,113.0,679653679.654,3.0
5945380000000,11818,5945380000000,,113.0,689273689.274,3.0
5945380000000,11819,5945380000000,,113.0,698893698.894,3.0
5945390000000,11820,5945390000000,,113.0,708513708.514,3.0
5945400000000,11821,5945400000000,,113.0,718133718.134,3.0
5945410000000,11822,5945410000000,,113.0,727753727.754,3.0
5945420000000,11823,5945420000000,,113.0,737373737.374,3.0
5945430000000,11824,5945430000000,,113.0,746993746.994,3.0
5945440000000,11825,5945440000000,,113.0,756613756.614,3.0
5945450000000,11826,5945450000000,,113.0,766233766.234,3.0
5945460000000,11827,5945460000000,,113.0,775853775.854,3.0
5945470000000,11828,5945470000000,,113.0,785473785.474,3.0
5945490000000,11829,5945490000000,,113.0,795093795.094,3.0
5945490000000,11830,5945490000000,,113.0,804713804.714,3.0
5945500000000,11831,5945500000000,,113.0,814333814.334,3.0
5945510000000,11832,5945510000000,,113.0,823953823.954,3.0
5945520000000,11833,5945520000000,,113.0,833573833.574,3.0
5945530000000,11834,5945530000000,,113.0,843193843.194,3.0
5945540000000,11835,5945540000000,,113.0,852813852.814,3.0
5945550000000,11836,5945550000000,,113.0,862433862.434,3.0
5945560000000,11837,5945560000000,,113.0,872053872.054,3.0
5945570000000,11838,5945570000000,,113.0,881673881.674,3.0
5945580000000,11839,5945580000000,,113.0,891293891.294,3.0
5945590000000,11840,5945590000000,,113.0,900913900.914,3.0
5945600000000,11841,5945600000000,,113.0,910533910.534,3.0
5945610000000,11842,5945610000000,,113.0,920153920.154,3.0
5945620000000,11843,5945620000000,,113.0,929773929.774,3.0
5945630000000,11844,5945630000000,,113.0,939393939.394,3.0
5945640000000,11845,5945640000000,,113.0,949013949.014,3.0
5945650000000,11846,5945650000000,,113.0,958633958.634,3.0
5945660000000,11847,5945660000000,,113.0,968253968.254,3.0
5945670000000,11848,5945670000000,,113.0,977873977.874,3.0
5945680000000,11849,5945680000000,,113.0,987493987.494,3.0
5945690000000,11850,5945690000000,,113.0,997113997.114,3.0
5945700000000,11851,5945700000000,,114.0,6734006.73399,3.0
5945700000000,11852,5945700000000,,114.0,16354016.354,3.0
5945710000000,11853,5945710000000,,114.0,25974025.974,3.0
5945720000000,11854,5945720000000,,114.0,35594035.594,3.0
5945730000000,11855,5945730000000,,114.0,45214045.214,3.0
5945770000000,11856,5945770000000,,114.0,54834054.834,3.0
5945780000000,11857,5945780000000,,114.0,64454064.4541,3.0
5945790000000,11858,5945790000000,,114.0,74074074.0741,3.0
5945800000000,11859,5945800000000,,114.0,83694083.6941,3.0
5945810000000,11860,5945810000000,,114.0,93314093.3141,3.0
5945820000000,11861,5945820000000,,114.0,102934102.934,3.0
5945830000000,11862,5945830000000,,114.0,112554112.554,3.0
5945830000000,11863,5945830000000,,114.0,122174122.174,3.0
5945840000000,11864,5945840000000,,114.0,131794131.794,3.0
5945850000000,11865,5945850000000,,114.0,141414141.414,3.0
5945860000000,11866,5945860000000,,114.0,151034151.034,3.0
5945870000000,11867,5945870000000,,114.0,160654160.654,3.0
5945880000000,11868,5945880000000,,114.0,170274170.274,3.0
5945890000000,11869,5945890000000,,114.0,179894179.894,3.0
5945900000000,11870,5945900000000,,114.0,189514189.514,3.0
5945910000000,11871,5945910000000,,114.0,199134199.134,3.0
5945920000000,11872,5945920000000,,114.0,208754208.754,3.0
5945930000000,11873,5945930000000,,114.0,218374218.374,3.0
5945940000000,11874,5945940000000,,114.0,227994227.994,3.0
5945950000000,11875,5945950000000,,114.0,237614237.614,3.0
5945960000000,11876,5945960000000,,114.0,247234247.234,3.0
5945970000000,11877,5945970000000,,114.0,256854256.854,3.0
5945980000000,11878,5945980000000,,114.0,266474266.474,3.0
5945990000000,11879,5945990000000,,114.0,276094276.094,3.0
5946000000000,11880,5946000000000,,114.0,285714285.714,3.0
5946010000000,11881,5946010000000,,114.0,295334295.334,3.0
5946020000000,11882,5946020000000,,114.0,304954304.954,3.0
5946030000000,11883,5946030000000,,114.0,314574314.574,3.0
5946040000000,11884,5946040000000,,114.0,324194324.194,3.0
5946050000000,11885,5946050000000,,114.0,333814333.814,3.0
5946060000000,11886,5946060000000,,114.0,343434343.434,3.0
5946060000000,11887,5946060000000,,114.0,353054353.054,3.0
5946070000000,11888,5946070000000,,114.0,362674362.674,3.0
5946080000000,11889,5946080000000,,114.0,372294372.294,3.0
5946090000000,11890,5946090000000,,114.0,381914381.914,3.0
5946100000000,11891,5946100000000,,114.0,391534391.534,3.0
5946110000000,11892,5946110000000,,114.0,401154401.154,3.0
5946120000000,11893,5946120000000,,114.0,410774410.774,3.0
5946130000000,11894,5946130000000,,114.0,420394420.394,3.0
5946140000000,11895,5946140000000,,114.0,430014430.014,3.0
5946150000000,11896,5946150000000,,114.0,439634439.634,3.0
5946160000000,11897,5946160000000,,114.0,449254449.254,3.0
5946170000000,11898,5946170000000,,114.0,458874458.874,3.0
5946180000000,11899,5946180000000,,114.0,468494468.494,3.0
5946190000000,11900,5946190000000,,114.0,478114478.114,3.0
5946190000000,11901,5946190000000,,114.0,487734487.734,3.0
5946200000000,11902,5946200000000,,114.0,497354497.354,3.0
5946210000000,11903,5946210000000,,114.0,506974506.974,3.0
5946220000000,11904,5946220000000,,114.0,516594516.595,3.0
5946230000000,11905,5946230000000,,114.0,526214526.215,3.0
5946240000000,11906,5946240000000,,114.0,535834535.835,3.0
5946250000000,11907,5946250000000,,114.0,545454545.455,3.0
5946260000000,11908,5946260000000,,114.0,555074555.075,3.0
5946270000000,11909,5946270000000,,114.0,564694564.695,3.0
5946300000000,11910,5946300000000,,114.0,574314574.315,3.0
5946310000000,11911,5946310000000,,114.0,583934583.935,3.0
5946320000000,11912,5946320000000,,114.0,593554593.555,3.0
5946330000000,11913,5946330000000,,114.0,603174603.175,3.0
5946340000000,11914,5946340000000,,114.0,612794612.795,3.0
5946350000000,11915,5946350000000,,114.0,622414622.415,3.0
5946360000000,11916,5946360000000,,114.0,632034632.035,3.0
5946370000000,11917,5946370000000,,114.0,641654641.655,3.0
5946380000000,11918,5946380000000,,114.0,651274651.275,3.0
5946380000000,11919,5946380000000,,114.0,660894660.895,3.0
5946390000000,11920,5946390000000,,114.0,670514670.515,3.0
5946400000000,11921,5946400000000,,114.0,680134680.135,3.0
5946410000000,11922,5946410000000,,114.0,689754689.755,3.0
5946420000000,11923,5946420000000,,114.0,699374699.375,3.0
5946430000000,11924,5946430000000,,114.0,708994708.995,3.0
5946440000000,11925,5946440000000,,114.0,718614718.615,3.0
5946450000000,11926,5946450000000,,114.0,728234728.235,3.0
5946460000000,11927,5946460000000,,114.0,737854737.855,3.0
5946470000000,11928,5946470000000,,114.0,747474747.475,3.0
5946480000000,11929,5946480000000,,114.0,757094757.095,3.0
5946490000000,11930,5946490000000,,114.0,766714766.715,3.0
5946500000000,11931,5946500000000,,114.0,776334776.335,3.0
5946510000000,11932,5946510000000,,114.0,785954785.955,3.0
5946520000000,11933,5946520000000,,114.0,795574795.575,3.0
5946530000000,11934,5946530000000,,114.0,805194805.195,3.0
5946540000000,11935,5946540000000,,114.0,814814814.815,3.0
5946550000000,11936,5946550000000,,114.0,824434824.435,3.0
5946560000000,11937,5946560000000,,114.0,834054834.055,3.0
5946570000000,11938,5946570000000,,114.0,843674843.675,3.0
5946580000000,11939,5946580000000,,114.0,853294853.295,3.0
5946590000000,11940,5946590000000,,114.0,862914862.915,3.0
5946600000000,11941,5946600000000,,114.0,872534872.535,3.0
5946610000000,11942,5946610000000,,114.0,882154882.155,3.0
5946620000000,11943,5946620000000,,114.0,891774891.775,3.0
5946630000000,11944,5946630000000,,114.0,901394901.395,3.0
5946640000000,11945,5946640000000,,114.0,911014911.015,3.0
5946650000000,11946,5946650000000,,114.0,920634920.635,3.0
5946660000000,11947,5946660000000,,114.0,930254930.255,3.0
5946670000000,11948,5946670000000,,114.0,939874939.875,3.0
5946680000000,11949,5946680000000,,114.0,949494949.495,3.0
5946680000000,11950,5946680000000,,114.0,959114959.115,3.0
5946690000000,11951,5946690000000,,114.0,968734968.735,3.0
5946700000000,11952,5946700000000,,114.0,978354978.355,3.0
5946710000000,11953,5946710000000,,114.0,987974987.975,3.0
5946720000000,11954,5946720000000,,114.0,997594997.595,3.0
5946730000000,11955,5946730000000,,115.0,7215007.215,3.0
5946740000000,11956,5946740000000,,115.0,16835016.835,3.0
5946750000000,11957,5946750000000,,115.0,26455026.455,3.0
5946760000000,11958,5946760000000,,115.0,36075036.075,3.0
5946770000000,11959,5946770000000,,115.0,45695045.695,3.0
5946780000000,11960,5946780000000,,115.0,55315055.315,3.0
5946790000000,11961,5946790000000,,115.0,64935064.9351,3.0
5946800000000,11962,5946800000000,,115.0,74555074.5551,3.0
5946810000000,11963,5946810000000,,115.0,84175084.1751,3.0
5946850000000,11964,5946850000000,,115.0,93795093.7951,3.0
5946860000000,11965,5946860000000,,115.0,103415103.415,3.0
5946870000000,11966,5946870000000,,115.0,113035113.035,3.0
5946870000000,11967,5946870000000,,115.0,122655122.655,3.0
5946880000000,11968,5946880000000,,115.0,132275132.275,3.0
5946890000000,11969,5946890000000,,115.0,141895141.895,3.0
5946900000000,11970,5946900000000,,115.0,151515151.515,3.0
5946910000000,11971,5946910000000,,115.0,161135161.135,3.0
5946920000000,11972,5946920000000,,115.0,170755170.755,3.0
5946930000000,11973,5946930000000,,115.0,180375180.375,3.0
5946940000000,11974,5946940000000,,115.0,189995189.995,3.0
5946950000000,11975,5946950000000,,115.0,199615199.615,3.0
5946960000000,11976,5946960000000,,115.0,209235209.235,3.0
5946970000000,11977,5946970000000,,115.0,218855218.855,3.0
5946980000000,11978,5946980000000,,115.0,228475228.475,3.0
5946990000000,11979,5946990000000,,115.0,238095238.095,3.0
5947000000000,11980,5947000000000,,115.0,247715247.715,3.0
5947010000000,11981,5947010000000,,115.0,257335257.335,3.0
5947020000000,11982,5947020000000,,115.0,266955266.955,3.0
5947030000000,11983,5947030000000,,115.0,276575276.575,3.0
5947040000000,11984,5947040000000,,115.0,286195286.195,3.0
5947050000000,11985,5947050000000,,115.0,295815295.815,3.0
5947060000000,11986,5947060000000,,115.0,305435305.435,3.0
5947070000000,11987,5947070000000,,115.0,315055315.055,3.0
5947080000000,11988,5947080000000,,115.0,324675324.675,3.0
5947090000000,11989,5947090000000,,115.0,334295334.295,3.0
5947100000000,11990,5947100000000,,115.0,343915343.915,3.0
5947110000000,11991,5947110000000,,115.0,353535353.535,3.0
5947120000000,11992,5947120000000,,115.0,363155363.155,3.0
5947130000000,11993,5947130000000,,115.0,372775372.775,3.0
5947140000000,11994,5947140000000,,115.0,382395382.395,3.0
5947150000000,11995,5947150000000,,115.0,392015392.015,3.0
5947160000000,11996,5947160000000,,115.0,401635401.635,3.0
5947170000000,11997,5947170000000,,115.0,411255411.255,3.0
5947180000000,11998,5947180000000,,115.0,420875420.875,3.0
5947190000000,11999,5947190000000,,115.0,430495430.495,3.0
5947200000000,12000,5947200000000,,115.0,440115440.115,3.0
5947210000000,12001,5947210000000,,115.0,449735449.735,3.0
5947220000000,12002,5947220000000,,115.0,459355459.355,3.0
5947230000000,12003,5947230000000,,115.0,468975468.975,3.0
5947240000000,12004,5947240000000,,115.0,478595478.595,3.0
5947250000000,12005,5947250000000,,115.0,488215488.215,3.0
5947250000000,12006,5947250000000,,115.0,497835497.835,3.0
5947260000000,12007,5947260000000,,115.0,507455507.455,3.0
5947270000000,12008,5947270000000,,115.0,517075517.076,3.0
5947280000000,12009,5947280000000,,115.0,526695526.696,3.0
5947290000000,12010,5947290000000,,115.0,536315536.316,3.0
5947300000000,12011,5947300000000,,115.0,545935545.936,3.0
5947310000000,12012,5947310000000,,115.0,555555555.556,3.0
5947320000000,12013,5947320000000,,115.0,565175565.176,3.0
5947330000000,12014,5947330000000,,115.0,574795574.796,3.0
5947340000000,12015,5947340000000,,115.0,584415584.416,3.0
5947350000000,12016,5947350000000,,115.0,594035594.036,3.0
5947360000000,12017,5947360000000,,115.0,603655603.656,3.0
5947390000000,12018,5947390000000,,115.0,613275613.276,3.0
5947390000000,12019,5947390000000,,115.0,622895622.896,3.0
5947400000000,12020,5947400000000,,115.0,632515632.516,3.0
5947410000000,12021,5947410000000,,115.0,642135642.136,3.0
5947420000000,12022,5947420000000,,115.0,651755651.756,3.0
5947430000000,12023,5947430000000,,115.0,661375661.376,3.0
5947440000000,12024,5947440000000,,115.0,670995670.996,3.0
5947450000000,12025,5947450000000,,115.0,680615680.616,3.0
5947460000000,12026,5947460000000,,115.0,690235690.236,3.0
5947470000000,12027,5947470000000,,115.0,699855699.856,3.0
5947480000000,12028,5947480000000,,115.0,709475709.476,3.0
5947490000000,12029,5947490000000,,115.0,719095719.096,3.0
5947500000000,12030,5947500000000,,115.0,728715728.716,3.0
5947510000000,12031,5947510000000,,115.0,738335738.336,3.0
5947520000000,12032,5947520000000,,115.0,747955747.956,3.0
5947530000000,12033,5947530000000,,115.0,757575757.576,3.0
5947540000000,12034,5947540000000,,115.0,767195767.196,3.0
5947550000000,12035,5947550000000,,115.0,776815776.816,3.0
5947560000000,12036,5947560000000,,115.0,786435786.436,3.0
5947570000000,12037,5947570000000,,115.0,796055796.056,3.0
5947580000000,12038,5947580000000,,115.0,805675805.676,3.0
5947590000000,12039,5947590000000,,115.0,815295815.296,3.0
5947600000000,12040,5947600000000,,115.0,824915824.916,3.0
5947610000000,12041,5947610000000,,115.0,834535834.536,3.0
5947620000000,12042,5947620000000,,115.0,844155844.156,3.0
5947630000000,12043,5947630000000,,115.0,853775853.776,3.0
5947640000000,12044,5947640000000,,115.0,863395863.396,3.0
5947650000000,12045,5947650000000,,115.0,873015873.016,3.0
5947660000000,12046,5947660000000,,115.0,882635882.636,3.0
5947670000000,12047,5947670000000,,115.0,892255892.256,3.0
5947680000000,12048,5947680000000,,115.0,901875901.876,3.0
5947690000000,12049,5947690000000,,115.0,911495911.496,3.0
5947700000000,12050,5947700000000,,115.0,921115921.116,3.0
5947710000000,12051,5947710000000,,115.0,930735930.736,3.0
5947710000000,12052,5947710000000,,115.0,940355940.356,3.0
5947720000000,12053,5947720000000,,115.0,949975949.976,3.0
5947730000000,12054,5947730000000,,115.0,959595959.596,3.0
5947740000000,12055,5947740000000,,115.0,969215969.216,3.0
5947750000000,12056,5947750000000,,115.0,978835978.836,3.0
5947760000000,12057,5947760000000,,115.0,988455988.456,3.0
5947770000000,12058,5947770000000,,115.0,998075998.076,3.0
5947780000000,12059,5947780000000,,116.0,7696007.696,3.0
5947790000000,12060,5947790000000,,116.0,17316017.316,3.0
5947800000000,12061,5947800000000,,116.0,26936026.936,3.0
5947810000000,12062,5947810000000,,116.0,36556036.556,3.0
5947820000000,12063,5947820000000,,116.0,46176046.176,3.0
5947830000000,12064,5947830000000,,116.0,55796055.796,3.0
5947840000000,12065,5947840000000,,116.0,65416065.416,3.0
5947850000000,12066,5947850000000,,116.0,75036075.0361,3.0
5947860000000,12067,5947860000000,,116.0,84656084.6561,3.0
5947870000000,12068,5947870000000,,116.0,94276094.2761,3.0
5947880000000,12069,5947880000000,,116.0,103896103.896,3.0
5947890000000,12070,5947890000000,,116.0,113516113.516,3.0
5947900000000,12071,5947900000000,,116.0,123136123.136,3.0
5947940000000,12072,5947940000000,,116.0,132756132.756,3.0
5947940000000,12073,5947940000000,,116.0,142376142.376,3.0
5947950000000,12074,5947950000000,,116.0,151996151.996,3.0
5947960000000,12075,5947960000000,,116.0,161616161.616,3.0
5947970000000,12076,5947970000000,,116.0,171236171.236,3.0
5947980000000,12077,5947980000000,,116.0,180856180.856,3.0
5947990000000,12078,5947990000000,,116.0,190476190.476,3.0
5948000000000,12079,5948000000000,,116.0,200096200.096,3.0
5948010000000,12080,5948010000000,,116.0,209716209.716,3.0
5948020000000,12081,5948020000000,,116.0,219336219.336,3.0
5948030000000,12082,5948030000000,,116.0,228956228.956,3.0
5948040000000,12083,5948040000000,,116.0,238576238.576,3.0
5948050000000,12084,5948050000000,,116.0,248196248.196,3.0
5948060000000,12085,5948060000000,,116.0,257816257.816,3.0
5948070000000,12086,5948070000000,,116.0,267436267.436,3.0
5948080000000,12087,5948080000000,,116.0,277056277.056,3.0
5948090000000,12088,5948090000000,,116.0,286676286.676,3.0
5948100000000,12089,5948100000000,,116.0,296296296.296,3.0
5948110000000,12090,5948110000000,,116.0,305916305.916,3.0
5948110000000,12091,5948110000000,,116.0,315536315.536,3.0
5948120000000,12092,5948120000000,,116.0,325156325.156,3.0
5948130000000,12093,5948130000000,,116.0,334776334.776,3.0
5948140000000,12094,5948140000000,,116.0,344396344.396,3.0
5948150000000,12095,5948150000000,,116.0,354016354.016,3.0
5948160000000,12096,5948160000000,,116.0,363636363.636,3.0
5948170000000,12097,5948170000000,,116.0,373256373.256,3.0
5948180000000,12098,5948180000000,,116.0,382876382.876,3.0
5948200000000,12099,5948200000000,,116.0,392496392.496,3.0
5948200000000,12100,5948200000000,,116.0,402116402.116,3.0
5948210000000,12101,5948210000000,,116.0,411736411.736,3.0
5948220000000,12102,5948220000000,,116.0,421356421.356,3.0
5948230000000,12103,5948230000000,,116.0,430976430.976,3.0
5948240000000,12104,5948240000000,,116.0,440596440.596,3.0
5948250000000,12105,5948250000000,,116.0,450216450.216,3.0
5948260000000,12106,5948260000000,,116.0,459836459.836,3.0
5948270000000,12107,5948270000000,,116.0,469456469.456,3.0
5948280000000,12108,5948280000000,,116.0,479076479.076,3.0
5948290000000,12109,5948290000000,,116.0,488696488.696,3.0
5948300000000,12110,5948300000000,,116.0,498316498.316,3.0
5948310000000,12111,5948310000000,,116.0,507936507.936,3.0
5948320000000,12112,5948320000000,,116.0,517556517.557,3.0
5948330000000,12113,5948330000000,,116.0,527176527.177,3.0
5948340000000,12114,5948340000000,,116.0,536796536.797,3.0
5948350000000,12115,5948350000000,,116.0,546416546.417,3.0
5948360000000,12116,5948360000000,,116.0,556036556.037,3.0
5948370000000,12117,5948370000000,,116.0,565656565.657,3.0
5948380000000,12118,5948380000000,,116.0,575276575.277,3.0
5948390000000,12119,5948390000000,,116.0,584896584.897,3.0
5948400000000,12120,5948400000000,,116.0,594516594.517,3.0
5948410000000,12121,5948410000000,,116.0,604136604.137,3.0
5948420000000,12122,5948420000000,,116.0,613756613.757,3.0
5948430000000,12123,5948430000000,,116.0,623376623.377,3.0
5948430000000,12124,5948430000000,,116.0,632996632.997,3.0
5948440000000,12125,5948440000000,,116.0,642616642.617,3.0
5948470000000,12126,5948470000000,,116.0,652236652.237,3.0
5948480000000,12127,5948480000000,,116.0,661856661.857,3.0
5948490000000,12128,5948490000000,,116.0,671476671.477,3.0
5948500000000,12129,5948500000000,,116.0,681096681.097,3.0
5948510000000,12130,5948510000000,,116.0,690716690.717,3.0
5948520000000,12131,5948520000000,,116.0,700336700.337,3.0
5948530000000,12132,5948530000000,,116.0,709956709.957,3.0
5948540000000,12133,5948540000000,,116.0,719576719.577,3.0
5948550000000,12134,5948550000000,,116.0,729196729.197,3.0
5948560000000,12135,5948560000000,,116.0,738816738.817,3.0
5948570000000,12136,5948570000000,,116.0,748436748.437,3.0
5948580000000,12137,5948580000000,,116.0,758056758.057,3.0
5948590000000,12138,5948590000000,,116.0,767676767.677,3.0
5948600000000,12139,5948600000000,,116.0,777296777.297,3.0
5948610000000,12140,5948610000000,,116.0,786916786.917,3.0
5948620000000,12141,5948620000000,,116.0,796536796.537,3.0
5948620000000,12142,5948620000000,,116.0,806156806.157,3.0
5948630000000,12143,5948630000000,,116.0,815776815.777,3.0
5948640000000,12144,5948640000000,,116.0,825396825.397,3.0
5948650000000,12145,5948650000000,,116.0,835016835.017,3.0
5948660000000,12146,5948660000000,,116.0,844636844.637,3.0
5948670000000,12147,5948670000000,,116.0,854256854.257,3.0
5948680000000,12148,5948680000000,,116.0,863876863.877,3.0
5948690000000,12149,5948690000000,,116.0,873496873.497,3.0
5948700000000,12150,5948700000000,,116.0,883116883.117,3.0
5948710000000,12151,5948710000000,,116.0,892736892.737,3.0
5948720000000,12152,5948720000000,,116.0,902356902.357,3.0
5948740000000,12153,5948740000000,,116.0,911976911.977,3.0
5948740000000,12154,5948740000000,,116.0,921596921.597,3.0
5948750000000,12155,5948750000000,,116.0,931216931.217,3.0
5948760000000,12156,5948760000000,,116.0,940836940.837,3.0
5948770000000,12157,5948770000000,,116.0,950456950.457,3.0
5948780000000,12158,5948780000000,,116.0,960076960.077,3.0
5948790000000,12159,5948790000000,,116.0,969696969.697,3.0
5948800000000,12160,5948800000000,,116.0,979316979.317,3.0
5948810000000,12161,5948810000000,,116.0,988936988.937,3.0
5948820000000,12162,5948820000000,,116.0,998556998.557,3.0
5948830000000,12163,5948830000000,,117.0,8177008.177,3.0
5948840000000,12164,5948840000000,,117.0,17797017.797,3.0
5948850000000,12165,5948850000000,,117.0,27417027.417,3.0
5948860000000,12166,5948860000000,,117.0,37037037.037,3.0
5948860000000,12167,5948860000000,,117.0,46657046.657,3.0
5948870000000,12168,5948870000000,,117.0,56277056.277,3.0
5948880000000,12169,5948880000000,,117.0,65897065.897,3.0
5948890000000,12170,5948890000000,,117.0,75517075.5171,3.0
5948900000000,12171,5948900000000,,117.0,85137085.1371,3.0
5948910000000,12172,5948910000000,,117.0,94757094.7571,3.0
5948920000000,12173,5948920000000,,117.0,104377104.377,3.0
5948930000000,12174,5948930000000,,117.0,113997113.997,3.0
5948940000000,12175,5948940000000,,117.0,123617123.617,3.0
5948950000000,12176,5948950000000,,117.0,133237133.237,3.0
5948960000000,12177,5948960000000,,117.0,142857142.857,3.0
5948970000000,12178,5948970000000,,117.0,152477152.477,3.0
5948980000000,12179,5948980000000,,117.0,162097162.097,3.0
5949020000000,12180,5949020000000,,117.0,171717171.717,3.0
5949020000000,12181,5949020000000,,117.0,181337181.337,3.0
5949030000000,12182,5949030000000,,117.0,190957190.957,3.0
5949040000000,12183,5949040000000,,117.0,200577200.577,3.0
5949050000000,12184,5949050000000,,117.0,210197210.197,3.0
5949060000000,12185,5949060000000,,117.0,219817219.817,3.0
5949070000000,12186,5949070000000,,117.0,229437229.437,3.0
5949080000000,12187,5949080000000,,117.0,239057239.057,3.0
5949090000000,12188,5949090000000,,117.0,248677248.677,3.0
5949100000000,12189,5949100000000,,117.0,258297258.297,3.0
5949110000000,12190,5949110000000,,117.0,267917267.917,3.0
5949120000000,12191,5949120000000,,117.0,277537277.537,3.0
5949130000000,12192,5949130000000,,117.0,287157287.157,3.0
5949140000000,12193,5949140000000,,117.0,296777296.777,3.0
5949150000000,12194,5949150000000,,117.0,306397306.397,3.0
5949160000000,12195,5949160000000,,117.0,316017316.017,3.0
5949170000000,12196,5949170000000,,117.0,325637325.637,3.0
5949180000000,12197,5949180000000,,117.0,335257335.257,3.0
5949190000000,12198,5949190000000,,117.0,344877344.877,3.0
5949200000000,12199,5949200000000,,117.0,354497354.497,3.0
5949210000000,12200,5949210000000,,117.0,364117364.117,3.0
5949220000000,12201,5949220000000,,117.0,373737373.737,3.0
5949230000000,12202,5949230000000,,117.0,383357383.357,3.0
5949240000000,12203,5949240000000,,117.0,392977392.977,3.0
5949250000000,12204,5949250000000,,117.0,402597402.597,3.0
5949260000000,12205,5949260000000,,117.0,412217412.217,3.0
5949270000000,12206,5949270000000,,117.0,421837421.837,3.0
5949280000000,12207,5949280000000,,117.0,431457431.457,3.0
5949290000000,12208,5949290000000,,117.0,441077441.077,3.0
5949300000000,12209,5949300000000,,117.0,450697450.697,3.0
5949310000000,12210,5949310000000,,117.0,460317460.317,3.0
5949320000000,12211,5949320000000,,117.0,469937469.937,3.0
5949330000000,12212,5949330000000,,117.0,479557479.557,3.0
5949340000000,12213,5949340000000,,117.0,489177489.177,3.0
5949340000000,12214,5949340000000,,117.0,498797498.797,3.0
5949350000000,12215,5949350000000,,117.0,508417508.417,3.0
5949360000000,12216,5949360000000,,117.0,518037518.038,3.0
5949370000000,12217,5949370000000,,117.0,527657527.658,3.0
5949380000000,12218,5949380000000,,117.0,537277537.278,3.0
5949390000000,12219,5949390000000,,117.0,546897546.898,3.0
5949400000000,12220,5949400000000,,117.0,556517556.518,3.0
5949410000000,12221,5949410000000,,117.0,566137566.138,3.0
5949420000000,12222,5949420000000,,117.0,575757575.758,3.0
5949430000000,12223,5949430000000,,117.0,585377585.378,3.0
5949440000000,12224,5949440000000,,117.0,594997594.998,3.0
5949450000000,12225,5949450000000,,117.0,604617604.618,3.0
5949460000000,12226,5949460000000,,117.0,614237614.238,3.0
5949470000000,12227,5949470000000,,117.0,623857623.858,3.0
5949480000000,12228,5949480000000,,117.0,633477633.478,3.0
5949490000000,12229,5949490000000,,117.0,643097643.098,3.0
5949500000000,12230,5949500000000,,117.0,652717652.718,3.0
5949510000000,12231,5949510000000,,117.0,662337662.338,3.0
5949520000000,12232,5949520000000,,117.0,671957671.958,3.0
5949520000000,12233,5949520000000,,117.0,681577681.578,3.0
5949550000000,12234,5949550000000,,117.0,691197691.198,3.0
5949560000000,12235,5949560000000,,117.0,700817700.818,3.0
5949570000000,12236,5949570000000,,117.0,710437710.438,3.0
5949580000000,12237,5949580000000,,117.0,720057720.058,3.0
5949590000000,12238,5949590000000,,117.0,729677729.678,3.0
5949600000000,12239,5949600000000,,117.0,739297739.298,3.0
5949610000000,12240,5949610000000,,117.0,748917748.918,3.0
5949620000000,12241,5949620000000,,117.0,758537758.538,3.0
5949630000000,12242,5949630000000,,117.0,768157768.158,3.0
5949640000000,12243,5949640000000,,117.0,777777777.778,3.0
5949640000000,12244,5949640000000,,117.0,787397787.398,3.0
5949650000000,12245,5949650000000,,117.0,797017797.018,3.0
5949660000000,12246,5949660000000,,117.0,806637806.638,3.0
5949670000000,12247,5949670000000,,117.0,816257816.258,3.0
5949680000000,12248,5949680000000,,117.0,825877825.878,3.0
5949690000000,12249,5949690000000,,117.0,835497835.498,3.0
5949700000000,12250,5949700000000,,117.0,845117845.118,3.0
5949710000000,12251,5949710000000,,117.0,854737854.738,3.0
5949720000000,12252,5949720000000,,117.0,864357864.358,3.0
5949730000000,12253,5949730000000,,117.0,873977873.978,3.0
5949740000000,12254,5949740000000,,117.0,883597883.598,3.0
5949750000000,12255,5949750000000,,117.0,893217893.218,3.0
5949760000000,12256,5949760000000,,117.0,902837902.838,3.0
5949770000000,12257,5949770000000,,117.0,912457912.458,3.0
5949780000000,12258,5949780000000,,117.0,922077922.078,3.0
5949790000000,12259,5949790000000,,117.0,931697931.698,3.0
5949800000000,12260,5949800000000,,117.0,941317941.318,3.0
5949810000000,12261,5949810000000,,117.0,950937950.938,3.0
5949820000000,12262,5949820000000,,117.0,960557960.558,3.0
5949830000000,12263,5949830000000,,117.0,970177970.178,3.0
5949840000000,12264,5949840000000,,117.0,979797979.798,3.0
5949850000000,12265,5949850000000,,117.0,989417989.418,3.0
5949860000000,12266,5949860000000,,117.0,999037999.038,3.0
5949870000000,12267,5949870000000,,118.0,8658008.65799,3.0
5949870000000,12268,5949870000000,,118.0,18278018.278,3.0
5949880000000,12269,5949880000000,,118.0,27898027.898,3.0
5949890000000,12270,5949890000000,,118.0,37518037.518,3.0
5949900000000,12271,5949900000000,,118.0,47138047.138,3.0
5949910000000,12272,5949910000000,,118.0,56758056.758,3.0
5949920000000,12273,5949920000000,,118.0,66378066.3781,3.0
5949930000000,12274,5949930000000,,118.0,75998075.9981,3.0
5949940000000,12275,5949940000000,,118.0,85618085.6181,3.0
5949950000000,12276,5949950000000,,118.0,95238095.2381,3.0
5949960000000,12277,5949960000000,,118.0,104858104.858,3.0
5949970000000,12278,5949970000000,,118.0,114478114.478,3.0
5949980000000,12279,5949980000000,,118.0,124098124.098,3.0
5949990000000,12280,5949990000000,,118.0,133718133.718,3.0
5950000000000,12281,5950000000000,,118.0,143338143.338,3.0
5950010000000,12282,5950010000000,,118.0,152958152.958,3.0
5950020000000,12283,5950020000000,,118.0,162578162.578,3.0
5950030000000,12284,5950030000000,,118.0,172198172.198,3.0
5950040000000,12285,5950040000000,,118.0,181818181.818,3.0
5950050000000,12286,5950050000000,,118.0,191438191.438,3.0
5950060000000,12287,5950060000000,,118.0,201058201.058,3.0
5950100000000,12288,5950100000000,,118.0,210678210.678,3.0
5950100000000,12289,5950100000000,,118.0,220298220.298,3.0
5950110000000,12290,5950110000000,,118.0,229918229.918,3.0
5950120000000,12291,5950120000000,,118.0,239538239.538,3.0
5950130000000,12292,5950130000000,,118.0,249158249.158,3.0
5950140000000,12293,5950140000000,,118.0,258778258.778,3.0
5950150000000,12294,5950150000000,,118.0,268398268.398,3.0
5950160000000,12295,5950160000000,,118.0,278018278.018,3.0
5950170000000,12296,5950170000000,,118.0,287638287.638,3.0
5950180000000,12297,5950180000000,,118.0,297258297.258,3.0
5950190000000,12298,5950190000000,,118.0,306878306.878,3.0
5950200000000,12299,5950200000000,,118.0,316498316.498,3.0
5950210000000,12300,5950210000000,,118.0,326118326.118,3.0
5950220000000,12301,5950220000000,,118.0,335738335.738,3.0
5950230000000,12302,5950230000000,,118.0,345358345.358,3.0
5950240000000,12303,5950240000000,,118.0,354978354.978,3.0
5950250000000,12304,5950250000000,,118.0,364598364.598,3.0
5950260000000,12305,5950260000000,,118.0,374218374.218,3.0
5950270000000,12306,5950270000000,,118.0,383838383.838,3.0
5950280000000,12307,5950280000000,,118.0,393458393.458,3.0
5950290000000,12308,5950290000000,,118.0,403078403.078,3.0
5950300000000,12309,5950300000000,,118.0,412698412.698,3.0
5950310000000,12310,5950310000000,,118.0,422318422.318,3.0
5950320000000,12311,5950320000000,,118.0,431938431.938,3.0
5950330000000,12312,5950330000000,,118.0,441558441.558,3.0
5950330000000,12313,5950330000000,,118.0,451178451.178,3.0
5950340000000,12314,5950340000000,,118.0,460798460.798,3.0
5950360000000,12315,5950360000000,,118.0,470418470.418,3.0
5950370000000,12316,5950370000000,,118.0,480038480.038,3.0
5950380000000,12317,5950380000000,,118.0,489658489.658,3.0
5950380000000,12318,5950380000000,,118.0,499278499.278,3.0
5950390000000,12319,5950390000000,,118.0,508898508.898,3.0
5950400000000,12320,5950400000000,,118.0,518518518.519,3.0
5950410000000,12321,5950410000000,,118.0,528138528.139,3.0
5950420000000,12322,5950420000000,,118.0,537758537.759,3.0
5950430000000,12323,5950430000000,,118.0,547378547.379,3.0
5950440000000,12324,5950440000000,,118.0,556998556.999,3.0
5950450000000,12325,5950450000000,,118.0,566618566.619,3.0
5950460000000,12326,5950460000000,,118.0,576238576.239,3.0
5950470000000,12327,5950470000000,,118.0,585858585.859,3.0
5950480000000,12328,5950480000000,,118.0,595478595.479,3.0
5950490000000,12329,5950490000000,,118.0,605098605.099,3.0
5950500000000,12330,5950500000000,,118.0,614718614.719,3.0
5950510000000,12331,5950510000000,,118.0,624338624.339,3.0
5950520000000,12332,5950520000000,,118.0,633958633.959,3.0
5950530000000,12333,5950530000000,,118.0,643578643.579,3.0
5950540000000,12334,5950540000000,,118.0,653198653.199,3.0
5950550000000,12335,5950550000000,,118.0,662818662.819,3.0
5950560000000,12336,5950560000000,,118.0,672438672.439,3.0
