10000000,1,10000000,,1.0,2.0,3.0
20000000,2,20000000,,1.0,2.0,3.0
30000000,3,30000000,,1.0,2.0,3.0
40000000,4,40000000,,1.0,2.0,3.0
50000000,5,50000000,,1.0,2.0,3.0
60000000,6,60000000,,1.0,2.0,3.0
70000000,7,70000000,,1.0,2.0,3.0
80000000,8,80000000,,1.0,2.0,3.0
90000000,9,90000000,,1.0,2.0,3.0
100000000,10,100000000,,1.0,2.0,3.0
110000000,11,110000000,,1.0,2.0,3.0
120000000,12,120000000,,1.0,2.0,3.0
130000000,13,130000000,,1.0,2.0,3.0
140000000,14,140000000,,1.0,2.0,3.0
150000000,15,150000000,,1.0,2.0,3.0
160000000,16,160000000,,1.0,2.0,3.0
170000000,17,170000000,,1.0,2.0,3.0
180000000,18,180000000,,1.0,2.0,3.0
190000000,19,190000000,,1.0,2.0,3.0
200000000,20,200000000,,1.0,2.0,3.0
210000000,21,210000000,,1.0,2.0,3.0
220000000,22,220000000,,1.0,2.0,3.0
230000000,23,230000000,,1.0,2.0,3.0
240000000,24,240000000,,1.0,2.0,3.0
250000000,25,250000000,,1.0,2.0,3.0
260000000,26,260000000,,1.0,2.0,3.0
270000000,27,270000000,,1.0,2.0,3.0
280000000,28,280000000,,1.0,2.0,3.0
290000000,29,290000000,,1.0,2.0,3.0
300000000,30,300000000,,1.0,2.0,3.0
310000000,31,310000000,,1.0,2.0,3.0
320000000,32,320000000,,1.0,2.0,3.0
330000000,33,330000000,,1.0,2.0,3.0
340000000,34,340000000,,1.0,2.0,3.0
350000000,35,350000000,,1.0,2.0,3.0
360000000,36,360000000,,1.0,2.0,3.0
370000000,37,370000000,,1.0,2.0,3.0
380000000,38,380000000,,1.0,2.0,3.0
390000000,39,390000000,,1.0,2.0,3.0
400000000,40,400000000,,1.0,2.0,3.0
410000000,41,410000000,,1.0,2.0,3.0
420000000,42,420000000,,1.0,2.0,3.0
430000000,43,430000000,,1.0,2.0,3.0
440000000,44,440000000,,1.0,2.0,3.0
450000000,45,450000000,,1.0,2.0,3.0
460000000,46,460000000,,1.0,2.0,3.0
470000000,47,470000000,,1.0,2.0,3.0
480000000,48,480000000,,1.0,2.0,3.0
490000000,49,490000000,,1.0,2.0,3.0
500000000,50,500000000,,1.0,2.0,3.0
510000000,51,510000000,,1.0,2.0,3.0
520000000,52,520000000,,1.0,2.0,3.0
530000000,53,530000000,,1.0,2.0,3.0
540000000,54,540000000,,1.0,2.0,3.0
550000000,55,550000000,,1.0,2.0,3.0
560000000,56,560000000,,1.0,2.0,3.0
570000000,57,570000000,,1.0,2.0,3.0
580000000,58,580000000,,1.0,2.0,3.0
590000000,59,590000000,,1.0,2.0,3.0
600000000,60,600000000,,1.0,2.0,3.0
610000000,61,610000000,,1.0,2.0,3.0
620000000,62,620000000,,1.0,2.0,3.0
630000000,63,630000000,,1.0,2.0,3.0
640000000,64,640000000,,1.0,2.0,3.0
650000000,65,650000000,,1.0,2.0,3.0
660000000,66,660000000,,1.0,2.0,3.0
670000000,67,670000000,,1.0,2.0,3.0
680000000,68,680000000,,1.0,2.0,3.0
690000000,69,690000000,,1.0,2.0,3.0
700000000,70,700000000,,1.0,2.0,3.0
710000000,71,710000000,,1.0,2.0,3.0
720000000,72,720000000,,1.0,2.0,3.0
730000000,73,730000000,,1.0,2.0,3.0
740000000,74,740000000,,1.0,2.0,3.0
750000000,75,750000000,,1.0,2.0,3.0
760000000,76,760000000,,1.0,2.0,3.0
770000000,77,770000000,,1.0,2.0,3.0
780000000,78,780000000,,1.0,2.0,3.0
790000000,79,790000000,,1.0,2.0,3.0
800000000,80,800000000,,1.0,2.0,3.0
810000000,81,810000000,,1.0,2.0,3.0
820000000,82,820000000,,1.0,2.0,3.0
830000000,83,830000000,,1.0,2.0,3.0
840000000,84,840000000,,1.0,2.0,3.0
850000000,85,850000000,,1.0,2.0,3.0
860000000,86,860000000,,1.0,2.0,3.0
870000000,87,870000000,,1.0,2.0,3.0
880000000,88,880000000,,1.0,2.0,3.0
890000000,89,890000000,,1.0,2.0,3.0
900000000,90,900000000,,1.0,2.0,3.0
910000000,91,910000000,,1.0,2.0,3.0
920000000,92,920000000,,1.0,2.0,3.0
930000000,93,930000000,,1.0,2.0,3.0
940000000,94,940000000,,1.0,2.0,3.0
950000000,95,950000000,,1.0,2.0,3.0
960000000,96,960000000,,1.0,2.0,3.0
970000000,97,970000000,,1.0,2.0,3.0
980000000,98,980000000,,1.0,2.0,3.0
990000000,99,990000000,,1.0,2.0,3.0
1000000000,100,1000000000,,1.0,2.0,3.0
1010000000,101,1010000000,,1.0,2.0,3.0
1020000000,102,1020000000,,1.0,2.0,3.0
1030000000,103,1030000000,,1.0,2.0,3.0
1040000000,104,1040000000,,1.0,2.0,3.0
1050000000,105,1050000000,,1.0,2.0,3.0
1060000000,106,1060000000,,1.0,2.0,3.0
1070000000,107,1070000000,,1.0,2.0,3.0
1080000000,108,1080000000,,1.0,2.0,3.0
1090000000,109,1090000000,,1.0,2.0,3.0
1100000000,110,1100000000,,1.0,2.0,3.0
1110000000,111,1110000000,,1.0,2.0,3.0
1120000000,112,1120000000,,1.0,2.0,3.0
1130000000,113,1130000000,,1.0,2.0,3.0
1140000000,114,1140000000,,1.0,2.0,3.0
1150000000,115,1150000000,,1.0,2.0,3.0
1160000000,116,1160000000,,1.0,2.0,3.0
1170000000,117,1170000000,,1.0,2.0,3.0
1180000000,118,1180000000,,1.0,2.0,3.0
1190000000,119,1190000000,,1.0,2.0,3.0
1200000000,120,1200000000,,1.0,2.0,3.0
1210000000,121,1210000000,,1.0,2.0,3.0
1220000000,122,1220000000,,1.0,2.0,3.0
1230000000,123,1230000000,,1.0,2.0,3.0
1240000000,124,1240000000,,1.0,2.0,3.0
1250000000,125,1250000000,,1.0,2.0,3.0
1260000000,126,1260000000,,1.0,2.0,3.0
1270000000,127,1270000000,,1.0,2.0,3.0
1280000000,128,1280000000,,1.0,2.0,3.0
1290000000,129,1290000000,,1.0,2.0,3.0
1300000000,130,1300000000,,1.0,2.0,3.0
1310000000,131,1310000000,,1.0,2.0,3.0
1320000000,132,1320000000,,1.0,2.0,3.0
1330000000,133,1330000000,,1.0,2.0,3.0
1340000000,134,1340000000,,1.0,2.0,3.0
1350000000,135,1350000000,,1.0,2.0,3.0
1360000000,136,1360000000,,1.0,2.0,3.0
1370000000,137,1370000000,,1.0,2.0,3.0
1380000000,138,1380000000,,1.0,2.0,3.0
1390000000,139,1390000000,,1.0,2.0,3.0
1400000000,140,1400000000,,1.0,2.0,3.0
1410000000,141,1410000000,,1.0,2.0,3.0
1420000000,142,1420000000,,1.0,2.0,3.0
1430000000,143,1430000000,,1.0,2.0,3.0
1440000000,144,1440000000,,1.0,2.0,3.0
1450000000,145,1450000000,,1.0,2.0,3.0
1460000000,146,1460000000,,1.0,2.0,3.0
1470000000,147,1470000000,,1.0,2.0,3.0
1480000000,148,1480000000,,1.0,2.0,3.0
1490000000,149,1490000000,,1.0,2.0,3.0
1500000000,150,1500000000,,1.0,2.0,3.0
1510000000,151,1510000000,,1.0,2.0,3.0
1520000000,152,1520000000,,1.0,2.0,3.0
1530000000,153,1530000000,,1.0,2.0,3.0
1540000000,154,1540000000,,1.0,2.0,3.0
1550000000,155,1550000000,,1.0,2.0,3.0
1560000000,156,1560000000,,1.0,2.0,3.0
1570000000,157,1570000000,,1.0,2.0,3.0
1580000000,158,1580000000,,1.0,2.0,3.0
1590000000,159,1590000000,,1.0,2.0,3.0
1600000000,160,1600000000,,1.0,2.0,3.0
1610000000,161,1610000000,,1.0,2.0,3.0
1620000000,162,1620000000,,1.0,2.0,3.0
1630000000,163,1630000000,,1.0,2.0,3.0
1640000000,164,1640000000,,1.0,2.0,3.0
1650000000,165,1650000000,,1.0,2.0,3.0
1660000000,166,1660000000,,1.0,2.0,3.0
1670000000,167,1670000000,,1.0,2.0,3.0
1680000000,168,1680000000,,1.0,2.0,3.0
1690000000,169,1690000000,,1.0,2.0,3.0
1700000000,170,1700000000,,1.0,2.0,3.0
1710000000,171,1710000000,,1.0,2.0,3.0
1720000000,172,1720000000,,1.0,2.0,3.0
1730000000,173,1730000000,,1.0,2.0,3.0
1740000000,174,1740000000,,1.0,2.0,3.0
1750000000,175,1750000000,,1.0,2.0,3.0
1760000000,176,1760000000,,1.0,2.0,3.0
1770000000,177,1770000000,,1.0,2.0,3.0
1780000000,178,1780000000,,1.0,2.0,3.0
1790000000,179,1790000000,,1.0,2.0,3.0
1800000000,180,1800000000,,1.0,2.0,3.0
1810000000,181,1810000000,,1.0,2.0,3.0
1820000000,182,1820000000,,1.0,2.0,3.0
1830000000,183,1830000000,,1.0,2.0,3.0
1840000000,184,1840000000,,1.0,2.0,3.0
1850000000,185,1850000000,,1.0,2.0,3.0
1860000000,186,1860000000,,1.0,2.0,3.0
1870000000,187,1870000000,,1.0,2.0,3.0
1880000000,188,1880000000,,1.0,2.0,3.0
1890000000,189,1890000000,,1.0,2.0,3.0
1900000000,190,1900000000,,1.0,2.0,3.0
1910000000,191,1910000000,,1.0,2.0,3.0
1920000000,192,1920000000,,1.0,2.0,3.0
1930000000,193,1930000000,,1.0,2.0,3.0
1940000000,194,1940000000,,1.0,2.0,3.0
1950000000,195,1950000000,,1.0,2.0,3.0
1960000000,196,1960000000,,1.0,2.0,3.0
1970000000,197,1970000000,,1.0,2.0,3.0
1980000000,198,1980000000,,1.0,2.0,3.0
1990000000,199,1990000000,,1.0,2.0,3.0
2000000000,200,2000000000,,1.0,2.0,3.0
2010000000,201,2010000000,,1.0,2.0,3.0
2020000000,202,2020000000,,1.0,2.0,3.0
2030000000,203,2030000000,,1.0,2.0,3.0
2040000000,204,2040000000,,1.0,2.0,3.0
2050000000,205,2050000000,,1.0,2.0,3.0
2060000000,206,2060000000,,1.0,2.0,3.0
2070000000,207,2070000000,,1.0,2.0,3.0
2080000000,208,2080000000,,1.0,2.0,3.0
2090000000,209,2090000000,,1.0,2.0,3.0
2100000000,210,2100000000,,1.0,2.0,3.0
2110000000,211,2110000000,,1.0,2.0,3.0
2120000000,212,2120000000,,1.0,2.0,3.0
2130000000,213,2130000000,,1.0,2.0,3.0
2140000000,214,2140000000,,1.0,2.0,3.0
2150000000,215,2150000000,,1.0,2.0,3.0
2160000000,216,2160000000,,1.0,2.0,3.0
2170000000,217,2170000000,,1.0,2.0,3.0
2180000000,218,2180000000,,1.0,2.0,3.0
2190000000,219,2190000000,,1.0,2.0,3.0
2200000000,220,2200000000,,1.0,2.0,3.0
2210000000,221,2210000000,,1.0,2.0,3.0
2220000000,222,2220000000,,1.0,2.0,3.0
2230000000,223,2230000000,,1.0,2.0,3.0
2240000000,224,2240000000,,1.0,2.0,3.0
2250000000,225,2250000000,,1.0,2.0,3.0
2260000000,226,2260000000,,1.0,2.0,3.0
2270000000,227,2270000000,,1.0,2.0,3.0
2280000000,228,2280000000,,1.0,2.0,3.0
2290000000,229,2290000000,,1.0,2.0,3.0
2300000000,230,2300000000,,1.0,2.0,3.0
2310000000,231,2310000000,,1.0,2.0,3.0
2320000000,232,2320000000,,1.0,2.0,3.0
2330000000,233,2330000000,,1.0,2.0,3.0
2340000000,234,2340000000,,1.0,2.0,3.0
2350000000,235,2350000000,,1.0,2.0,3.0
2360000000,236,2360000000,,1.0,2.0,3.0
2370000000,237,2370000000,,1.0,2.0,3.0
2380000000,238,2380000000,,1.0,2.0,3.0
2390000000,239,2390000000,,1.0,2.0,3.0
2400000000,240,2400000000,,1.0,2.0,3.0
2410000000,241,2410000000,,1.0,2.0,3.0
2420000000,242,2420000000,,1.0,2.0,3.0
2430000000,243,2430000000,,1.0,2.0,3.0
2440000000,244,2440000000,,1.0,2.0,3.0
2450000000,245,2450000000,,1.0,2.0,3.0
2460000000,246,2460000000,,1.0,2.0,3.0
2470000000,247,2470000000,,1.0,2.0,3.0
2480000000,248,2480000000,,1.0,2.0,3.0
2490000000,249,2490000000,,1.0,2.0,3.0
2500000000,250,2500000000,,1.0,2.0,3.0
2510000000,251,2510000000,,1.0,2.0,3.0
2520000000,252,2520000000,,1.0,2.0,3.0
2530000000,253,2530000000,,1.0,2.0,3.0
2540000000,254,2540000000,,1.0,2.0,3.0
2550000000,255,2550000000,,1.0,2.0,3.0
2560000000,256,2560000000,,1.0,2.0,3.0
2570000000,257,2570000000,,1.0,2.0,3.0
2580000000,258,2580000000,,1.0,2.0,3.0
2590000000,259,2590000000,,1.0,2.0,3.0
2600000000,260,2600000000,,1.0,2.0,3.0
2610000000,261,2610000000,,1.0,2.0,3.0
2620000000,262,2620000000,,1.0,2.0,3.0
2630000000,263,2630000000,,1.0,2.0,3.0
2640000000,264,2640000000,,1.0,2.0,3.0
2650000000,265,2650000000,,1.0,2.0,3.0
2660000000,266,2660000000,,1.0,2.0,3.0
2670000000,267,2670000000,,1.0,2.0,3.0
2680000000,268,2680000000,,1.0,2.0,3.0
2690000000,269,2690000000,,1.0,2.0,3.0
2700000000,270,2700000000,,1.0,2.0,3.0
2710000000,271,2710000000,,1.0,2.0,3.0
2720000000,272,2720000000,,1.0,2.0,3.0
2730000000,273,2730000000,,1.0,2.0,3.0
2740000000,274,2740000000,,1.0,2.0,3.0
2750000000,275,2750000000,,1.0,2.0,3.0
2760000000,276,2760000000,,1.0,2.0,3.0
2770000000,277,2770000000,,1.0,2.0,3.0
2780000000,278,2780000000,,1.0,2.0,3.0
2790000000,279,2790000000,,1.0,2.0,3.0
2800000000,280,2800000000,,1.0,2.0,3.0
2810000000,281,2810000000,,1.0,2.0,3.0
2820000000,282,2820000000,,1.0,2.0,3.0
2830000000,283,2830000000,,1.0,2.0,3.0
2840000000,284,2840000000,,1.0,2.0,3.0
2850000000,285,2850000000,,1.0,2.0,3.0
2860000000,286,2860000000,,1.0,2.0,3.0
2870000000,287,2870000000,,1.0,2.0,3.0
2880000000,288,2880000000,,1.0,2.0,3.0
2890000000,289,2890000000,,1.0,2.0,3.0
2900000000,290,2900000000,,1.0,2.0,3.0
2910000000,291,2910000000,,1.0,2.0,3.0
2920000000,292,2920000000,,1.0,2.0,3.0
2930000000,293,2930000000,,1.0,2.0,3.0
2940000000,294,2940000000,,1.0,2.0,3.0
2950000000,295,2950000000,,1.0,2.0,3.0
2960000000,296,2960000000,,1.0,2.0,3.0
2970000000,297,2970000000,,1.0,2.0,3.0
2980000000,298,2980000000,,1.0,2.0,3.0
2990000000,299,2990000000,,1.0,2.0,3.0
3000000000,300,3000000000,,1.0,2.0,3.0
3010000000,301,3010000000,,1.0,2.0,3.0
3020000000,302,3020000000,,1.0,2.0,3.0
3030000000,303,3030000000,,1.0,2.0,3.0
3040000000,304,3040000000,,1.0,2.0,3.0
3050000000,305,3050000000,,1.0,2.0,3.0
3060000000,306,3060000000,,1.0,2.0,3.0
3070000000,307,3070000000,,1.0,2.0,3.0
3080000000,308,3080000000,,1.0,2.0,3.0
3090000000,309,3090000000,,1.0,2.0,3.0
3100000000,310,3100000000,,1.0,2.0,3.0
3110000000,311,3110000000,,1.0,2.0,3.0
3120000000,312,3120000000,,1.0,2.0,3.0
3130000000,313,3130000000,,1.0,2.0,3.0
3140000000,314,3140000000,,1.0,2.0,3.0
3150000000,315,3150000000,,1.0,2.0,3.0
3160000000,316,3160000000,,1.0,2.0,3.0
3170000000,317,3170000000,,1.0,2.0,3.0
3180000000,318,3180000000,,1.0,2.0,3.0
3190000000,319,3190000000,,1.0,2.0,3.0
3200000000,320,3200000000,,1.0,2.0,3.0
3210000000,321,3210000000,,1.0,2.0,3.0
3220000000,322,3220000000,,1.0,2.0,3.0
3230000000,323,3230000000,,1.0,2.0,3.0
3240000000,324,3240000000,,1.0,2.0,3.0
3250000000,325,3250000000,,1.0,2.0,3.0
3260000000,326,3260000000,,1.0,2.0,3.0
3270000000,327,3270000000,,1.0,2.0,3.0
3280000000,328,3280000000,,1.0,2.0,3.0
3290000000,329,3290000000,,1.0,2.0,3.0
3300000000,330,3300000000,,1.0,2.0,3.0
3310000000,331,3310000000,,1.0,2.0,3.0
3320000000,332,3320000000,,1.0,2.0,3.0
3330000000,333,3330000000,,1.0,2.0,3.0
3340000000,334,3340000000,,1.0,2.0,3.0
3350000000,335,3350000000,,1.0,2.0,3.0
3360000000,336,3360000000,,1.0,2.0,3.0
3370000000,337,3370000000,,1.0,2.0,3.0
3380000000,338,3380000000,,1.0,2.0,3.0
3390000000,339,3390000000,,1.0,2.0,3.0
3400000000,340,3400000000,,1.0,2.0,3.0
3410000000,341,3410000000,,1.0,2.0,3.0
3420000000,342,3420000000,,1.0,2.0,3.0
3430000000,343,3430000000,,1.0,2.0,3.0
3440000000,344,3440000000,,1.0,2.0,3.0
3450000000,345,3450000000,,1.0,2.0,3.0
3460000000,346,3460000000,,1.0,2.0,3.0
3470000000,347,3470000000,,1.0,2.0,3.0
3480000000,348,3480000000,,1.0,2.0,3.0
3490000000,349,3490000000,,1.0,2.0,3.0
3500000000,350,3500000000,,1.0,2.0,3.0
3510000000,351,3510000000,,1.0,2.0,3.0
3520000000,352,3520000000,,1.0,2.0,3.0
3530000000,353,3530000000,,1.0,2.0,3.0
3540000000,354,3540000000,,1.0,2.0,3.0
3550000000,355,3550000000,,1.0,2.0,3.0
3560000000,356,3560000000,,1.0,2.0,3.0
3570000000,357,3570000000,,1.0,2.0,3.0
3580000000,358,3580000000,,1.0,2.0,3.0
3590000000,359,3590000000,,1.0,2.0,3.0
3600000000,360,3600000000,,1.0,2.0,3.0
3610000000,361,3610000000,,1.0,2.0,3.0
3620000000,362,3620000000,,1.0,2.0,3.0
3630000000,363,3630000000,,1.0,2.0,3.0
3640000000,364,3640000000,,1.0,2.0,3.0
3650000000,365,3650000000,,1.0,2.0,3.0
3660000000,366,3660000000,,1.0,2.0,3.0
3670000000,367,3670000000,,1.0,2.0,3.0
3680000000,368,3680000000,,1.0,2.0,3.0
3690000000,369,3690000000,,1.0,2.0,3.0
3700000000,370,3700000000,,1.0,2.0,3.0
3710000000,371,3710000000,,1.0,2.0,3.0
3720000000,372,3720000000,,1.0,2.0,3.0
3730000000,373,3730000000,,1.0,2.0,3.0
3740000000,374,3740000000,,1.0,2.0,3.0
3750000000,375,3750000000,,1.0,2.0,3.0
3760000000,376,3760000000,,1.0,2.0,3.0
3770000000,377,3770000000,,1.0,2.0,3.0
3780000000,378,3780000000,,1.0,2.0,3.0
3790000000,379,3790000000,,1.0,2.0,3.0
3800000000,380,3800000000,,1.0,2.0,3.0
3810000000,381,3810000000,,1.0,2.0,3.0
3820000000,382,3820000000,,1.0,2.0,3.0
3830000000,383,3830000000,,1.0,2.0,3.0
3840000000,384,3840000000,,1.0,2.0,3.0
3850000000,385,3850000000,,1.0,2.0,3.0
3860000000,386,3860000000,,1.0,2.0,3.0
3870000000,387,3870000000,,1.0,2.0,3.0
3880000000,388,3880000000,,1.0,2.0,3.0
3890000000,389,3890000000,,1.0,2.0,3.0
3900000000,390,3900000000,,1.0,2.0,3.0
3910000000,391,3910000000,,1.0,2.0,3.0
3920000000,392,3920000000,,1.0,2.0,3.0
3930000000,393,3930000000,,1.0,2.0,3.0
3940000000,394,3940000000,,1.0,2.0,3.0
3950000000,395,3950000000,,1.0,2.0,3.0
3960000000,396,3960000000,,1.0,2.0,3.0
3970000000,397,3970000000,,1.0,2.0,3.0
3980000000,398,3980000000,,1.0,2.0,3.0
3990000000,399,3990000000,,1.0,2.0,3.0
4000000000,400,4000000000,,1.0,2.0,3.0
4010000000,401,4010000000,,1.0,2.0,3.0
4020000000,402,4020000000,,1.0,2.0,3.0
4030000000,403,4030000000,,1.0,2.0,3.0
4040000000,404,4040000000,,1.0,2.0,3.0
4050000000,405,4050000000,,1.0,2.0,3.0
4060000000,406,4060000000,,1.0,2.0,3.0
4070000000,407,4070000000,,1.0,2.0,3.0
4080000000,408,4080000000,,1.0,2.0,3.0
4090000000,409,4090000000,,1.0,2.0,3.0
4100000000,410,4100000000,,1.0,2.0,3.0
4110000000,411,4110000000,,1.0,2.0,3.0
4120000000,412,4120000000,,1.0,2.0,3.0
4130000000,413,4130000000,,1.0,2.0,3.0
4140000000,414,4140000000,,1.0,2.0,3.0
4150000000,415,4150000000,,1.0,2.0,3.0
4160000000,416,4160000000,,1.0,2.0,3.0
4170000000,417,4170000000,,1.0,2.0,3.0
4180000000,418,4180000000,,1.0,2.0,3.0
4190000000,419,4190000000,,1.0,2.0,3.0
4200000000,420,4200000000,,1.0,2.0,3.0
4210000000,421,4210000000,,1.0,2.0,3.0
4220000000,422,4220000000,,1.0,2.0,3.0
4230000000,423,4230000000,,1.0,2.0,3.0
4240000000,424,4240000000,,1.0,2.0,3.0
4250000000,425,4250000000,,1.0,2.0,3.0
4260000000,426,4260000000,,1.0,2.0,3.0
4270000000,427,4270000000,,1.0,2.0,3.0
4280000000,428,4280000000,,1.0,2.0,3.0
4290000000,429,4290000000,,1.0,2.0,3.0
4300000000,430,4300000000,,1.0,2.0,3.0
4310000000,431,4310000000,,1.0,2.0,3.0
4320000000,432,4320000000,,1.0,2.0,3.0
4330000000,433,4330000000,,1.0,2.0,3.0
4340000000,434,4340000000,,1.0,2.0,3.0
4350000000,435,4350000000,,1.0,2.0,3.0
4360000000,436,4360000000,,1.0,2.0,3.0
4370000000,437,4370000000,,1.0,2.0,3.0
4380000000,438,4380000000,,1.0,2.0,3.0
4390000000,439,4390000000,,1.0,2.0,3.0
4400000000,440,4400000000,,1.0,2.0,3.0
4410000000,441,4410000000,,1.0,2.0,3.0
4420000000,442,4420000000,,1.0,2.0,3.0
4430000000,443,4430000000,,1.0,2.0,3.0
4440000000,444,4440000000,,1.0,2.0,3.0
4450000000,445,4450000000,,1.0,2.0,3.0
4460000000,446,4460000000,,1.0,2.0,3.0
4470000000,447,4470000000,,1.0,2.0,3.0
4480000000,448,4480000000,,1.0,2.0,3.0
4490000000,449,4490000000,,1.0,2.0,3.0
4500000000,450,4500000000,,1.0,2.0,3.0
4510000000,451,4510000000,,1.0,2.0,3.0
4520000000,452,4520000000,,1.0,2.0,3.0
4530000000,453,4530000000,,1.0,2.0,3.0
4540000000,454,4540000000,,1.0,2.0,3.0
4550000000,455,4550000000,,1.0,2.0,3.0
4560000000,456,4560000000,,1.0,2.0,3.0
4570000000,457,4570000000,,1.0,2.0,3.0
4580000000,458,4580000000,,1.0,2.0,3.0
4590000000,459,4590000000,,1.0,2.0,3.0
4600000000,460,4600000000,,1.0,2.0,3.0
4610000000,461,4610000000,,1.0,2.0,3.0
4620000000,462,4620000000,,1.0,2.0,3.0
4630000000,463,4630000000,,1.0,2.0,3.0
4640000000,464,4640000000,,1.0,2.0,3.0
4650000000,465,4650000000,,1.0,2.0,3.0
4660000000,466,4660000000,,1.0,2.0,3.0
4670000000,467,4670000000,,1.0,2.0,3.0
4680000000,468,4680000000,,1.0,2.0,3.0
4690000000,469,4690000000,,1.0,2.0,3.0
4700000000,470,4700000000,,1.0,2.0,3.0
4710000000,471,4710000000,,1.0,2.0,3.0
4720000000,472,4720000000,,1.0,2.0,3.0
4730000000,473,4730000000,,1.0,2.0,3.0
4740000000,474,4740000000,,1.0,2.0,3.0
4750000000,475,4750000000,,1.0,2.0,3.0
4760000000,476,4760000000,,1.0,2.0,3.0
4770000000,477,4770000000,,1.0,2.0,3.0
4780000000,478,4780000000,,1.0,2.0,3.0
4790000000,479,4790000000,,1.0,2.0,3.0
4800000000,480,4800000000,,1.0,2.0,3.0
4810000000,481,4810000000,,1.0,2.0,3.0
4820000000,482,4820000000,,1.0,2.0,3.0
4830000000,483,4830000000,,1.0,2.0,3.0
4840000000,484,4840000000,,1.0,2.0,3.0
4850000000,485,4850000000,,1.0,2.0,3.0
4860000000,486,4860000000,,1.0,2.0,3.0
4870000000,487,4870000000,,1.0,2.0,3.0
4880000000,488,4880000000,,1.0,2.0,3.0
4890000000,489,4890000000,,1.0,2.0,3.0
4900000000,490,4900000000,,1.0,2.0,3.0
4910000000,491,4910000000,,1.0,2.0,3.0
4920000000,492,4920000000,,1.0,2.0,3.0
4930000000,493,4930000000,,1.0,2.0,3.0
4940000000,494,4940000000,,1.0,2.0,3.0
4950000000,495,4950000000,,1.0,2.0,3.0
4960000000,496,4960000000,,1.0,2.0,3.0
4970000000,497,4970000000,,1.0,2.0,3.0
4980000000,498,4980000000,,1.0,2.0,3.0
4990000000,499,4990000000,,1.0,2.0,3.0
5000000000,500,5000000000,,1.0,2.0,3.0
5010000000,501,5010000000,,1.0,2.0,3.0
5020000000,502,5020000000,,1.0,2.0,3.0
5030000000,503,5030000000,,1.0,2.0,3.0
5040000000,504,5040000000,,1.0,2.0,3.0
5050000000,505,5050000000,,1.0,2.0,3.0
5060000000,506,5060000000,,1.0,2.0,3.0
5070000000,507,5070000000,,1.0,2.0,3.0
5080000000,508,5080000000,,1.0,2.0,3.0
5090000000,509,5090000000,,1.0,2.0,3.0
5100000000,510,5100000000,,1.0,2.0,3.0
5110000000,511,5110000000,,1.0,2.0,3.0
5120000000,512,5120000000,,1.0,2.0,3.0
5130000000,513,5130000000,,1.0,2.0,3.0
5140000000,514,5140000000,,1.0,2.0,3.0
5150000000,515,5150000000,,1.0,2.0,3.0
5160000000,516,5160000000,,1.0,2.0,3.0
5170000000,517,5170000000,,1.0,2.0,3.0
5180000000,518,5180000000,,1.0,2.0,3.0
5190000000,519,5190000000,,1.0,2.0,3.0
5200000000,520,5200000000,,1.0,2.0,3.0
5210000000,521,5210000000,,1.0,2.0,3.0
5220000000,522,5220000000,,1.0,2.0,3.0
5230000000,523,5230000000,,1.0,2.0,3.0
5240000000,524,5240000000,,1.0,2.0,3.0
5250000000,525,5250000000,,1.0,2.0,3.0
5260000000,526,5260000000,,1.0,2.0,3.0
5270000000,527,5270000000,,1.0,2.0,3.0
5280000000,528,5280000000,,1.0,2.0,3.0
5290000000,529,5290000000,,1.0,2.0,3.0
5300000000,530,5300000000,,1.0,2.0,3.0
5310000000,531,5310000000,,1.0,2.0,3.0
5320000000,532,5320000000,,1.0,2.0,3.0
5330000000,533,5330000000,,1.0,2.0,3.0
5340000000,534,5340000000,,1.0,2.0,3.0
5350000000,535,5350000000,,1.0,2.0,3.0
5360000000,536,5360000000,,1.0,2.0,3.0
5370000000,537,5370000000,,1.0,2.0,3.0
5380000000,538,5380000000,,1.0,2.0,3.0
5390000000,539,5390000000,,1.0,2.0,3.0
5400000000,540,5400000000,,1.0,2.0,3.0
5410000000,541,5410000000,,1.0,2.0,3.0
5420000000,542,5420000000,,1.0,2.0,3.0
5430000000,543,5430000000,,1.0,2.0,3.0
5440000000,544,5440000000,,1.0,2.0,3.0
5450000000,545,5450000000,,1.0,2.0,3.0
5460000000,546,5460000000,,1.0,2.0,3.0
5470000000,547,5470000000,,1.0,2.0,3.0
5480000000,548,5480000000,,1.0,2.0,3.0
5490000000,549,5490000000,,1.0,2.0,3.0
5500000000,550,5500000000,,1.0,2.0,3.0
5510000000,551,5510000000,,1.0,2.0,3.0
5520000000,552,5520000000,,1.0,2.0,3.0
5530000000,553,5530000000,,1.0,2.0,3.0
5540000000,554,5540000000,,1.0,2.0,3.0
5550000000,555,5550000000,,1.0,2.0,3.0
5560000000,556,5560000000,,1.0,2.0,3.0
5570000000,557,5570000000,,1.0,2.0,3.0
5580000000,558,5580000000,,1.0,2.0,3.0
5590000000,559,5590000000,,1.0,2.0,3.0
5600000000,560,5600000000,,1.0,2.0,3.0
5610000000,561,5610000000,,1.0,2.0,3.0
5620000000,562,5620000000,,1.0,2.0,3.0
5630000000,563,5630000000,,1.0,2.0,3.0
5640000000,564,5640000000,,1.0,2.0,3.0
5650000000,565,5650000000,,1.0,2.0,3.0
5660000000,566,5660000000,,1.0,2.0,3.0
5670000000,567,5670000000,,1.0,2.0,3.0
5680000000,568,5680000000,,1.0,2.0,3.0
5690000000,569,5690000000,,1.0,2.0,3.0
5700000000,570,5700000000,,1.0,2.0,3.0
5710000000,571,5710000000,,1.0,2.0,3.0
5720000000,572,5720000000,,1.0,2.0,3.0
5730000000,573,5730000000,,1.0,2.0,3.0
5740000000,574,5740000000,,1.0,2.0,3.0
5750000000,575,5750000000,,1.0,2.0,3.0
5760000000,576,5760000000,,1.0,2.0,3.0
5770000000,577,5770000000,,1.0,2.0,3.0
5780000000,578,5780000000,,1.0,2.0,3.0
5790000000,579,5790000000,,1.0,2.0,3.0
5800000000,580,5800000000,,1.0,2.0,3.0
5810000000,581,5810000000,,1.0,2.0,3.0
5820000000,582,5820000000,,1.0,2.0,3.0
5830000000,583,5830000000,,1.0,2.0,3.0
5840000000,584,5840000000,,1.0,2.0,3.0
5850000000,585,5850000000,,1.0,2.0,3.0
5860000000,586,5860000000,,1.0,2.0,3.0
5870000000,587,5870000000,,1.0,2.0,3.0
5880000000,588,5880000000,,1.0,2.0,3.0
5890000000,589,5890000000,,1.0,2.0,3.0
5900000000,590,5900000000,,1.0,2.0,3.0
5910000000,591,5910000000,,1.0,2.0,3.0
5920000000,592,5920000000,,1.0,2.0,3.0
5930000000,593,5930000000,,1.0,2.0,3.0
5940000000,594,5940000000,,1.0,2.0,3.0
5950000000,595,5950000000,,1.0,2.0,3.0
5960000000,596,5960000000,,1.0,2.0,3.0
5970000000,597,5970000000,,1.0,2.0,3.0
5980000000,598,5980000000,,1.0,2.0,3.0
5990000000,599,5990000000,,1.0,2.0,3.0
6000000000,600,6000000000,,1.0,2.0,3.0
6010000000,601,6010000000,,1.0,2.0,3.0
6020000000,602,6020000000,,1.0,2.0,3.0
6030000000,603,6030000000,,1.0,2.0,3.0
6040000000,604,6040000000,,1.0,2.0,3.0
6050000000,605,6050000000,,1.0,2.0,3.0
6060000000,606,6060000000,,1.0,2.0,3.0
6070000000,607,6070000000,,1.0,2.0,3.0
6080000000,608,6080000000,,1.0,2.0,3.0
6090000000,609,6090000000,,1.0,2.0,3.0
6100000000,610,6100000000,,1.0,2.0,3.0
6110000000,611,6110000000,,1.0,2.0,3.0
6120000000,612,6120000000,,1.0,2.0,3.0
6130000000,613,6130000000,,1.0,2.0,3.0
6140000000,614,6140000000,,1.0,2.0,3.0
6150000000,615,6150000000,,1.0,2.0,3.0
6160000000,616,6160000000,,1.0,2.0,3.0
6170000000,617,6170000000,,1.0,2.0,3.0
6180000000,618,6180000000,,1.0,2.0,3.0
6190000000,619,6190000000,,1.0,2.0,3.0
6200000000,620,6200000000,,1.0,2.0,3.0
6210000000,621,6210000000,,1.0,2.0,3.0
6220000000,622,6220000000,,1.0,2.0,3.0
6230000000,623,6230000000,,1.0,2.0,3.0
6240000000,624,6240000000,,1.0,2.0,3.0
6250000000,625,6250000000,,1.0,2.0,3.0
6260000000,626,6260000000,,1.0,2.0,3.0
6270000000,627,6270000000,,1.0,2.0,3.0
6280000000,628,6280000000,,1.0,2.0,3.0
6290000000,629,6290000000,,1.0,2.0,3.0
6300000000,630,6300000000,,1.0,2.0,3.0
6310000000,631,6310000000,,1.0,2.0,3.0
6320000000,632,6320000000,,1.0,2.0,3.0
6330000000,633,6330000000,,1.0,2.0,3.0
6340000000,634,6340000000,,1.0,2.0,3.0
6350000000,635,6350000000,,1.0,2.0,3.0
6360000000,636,6360000000,,1.0,2.0,3.0
6370000000,637,6370000000,,1.0,2.0,3.0
6380000000,638,6380000000,,1.0,2.0,3.0
6390000000,639,6390000000,,1.0,2.0,3.0
6400000000,640,6400000000,,1.0,2.0,3.0
6410000000,641,6410000000,,1.0,2.0,3.0
6420000000,642,6420000000,,1.0,2.0,3.0
6430000000,643,6430000000,,1.0,2.0,3.0
6440000000,644,6440000000,,1.0,2.0,3.0
6450000000,645,6450000000,,1.0,2.0,3.0
6460000000,646,6460000000,,1.0,2.0,3.0
6470000000,647,6470000000,,1.0,2.0,3.0
6480000000,648,6480000000,,1.0,2.0,3.0
6490000000,649,6490000000,,1.0,2.0,3.0
6500000000,650,6500000000,,1.0,2.0,3.0
6510000000,651,6510000000,,1.0,2.0,3.0
6520000000,652,6520000000,,1.0,2.0,3.0
6530000000,653,6530000000,,1.0,2.0,3.0
6540000000,654,6540000000,,1.0,2.0,3.0
6550000000,655,6550000000,,1.0,2.0,3.0
6560000000,656,6560000000,,1.0,2.0,3.0
6570000000,657,6570000000,,1.0,2.0,3.0
6580000000,658,6580000000,,1.0,2.0,3.0
6590000000,659,6590000000,,1.0,2.0,3.0
6600000000,660,6600000000,,1.0,2.0,3.0
6610000000,661,6610000000,,1.0,2.0,3.0
6620000000,662,6620000000,,1.0,2.0,3.0
6630000000,663,6630000000,,1.0,2.0,3.0
6640000000,664,6640000000,,1.0,2.0,3.0
6650000000,665,6650000000,,1.0,2.0,3.0
6660000000,666,6660000000,,1.0,2.0,3.0
6670000000,667,6670000000,,1.0,2.0,3.0
6680000000,668,6680000000,,1.0,2.0,3.0
6690000000,669,6690000000,,1.0,2.0,3.0
6700000000,670,6700000000,,1.0,2.0,3.0
6710000000,671,6710000000,,1.0,2.0,3.0
6720000000,672,6720000000,,1.0,2.0,3.0
6730000000,673,6730000000,,1.0,2.0,3.0
6740000000,674,6740000000,,1.0,2.0,3.0
6750000000,675,6750000000,,1.0,2.0,3.0
6760000000,676,6760000000,,1.0,2.0,3.0
6770000000,677,6770000000,,1.0,2.0,3.0
6780000000,678,6780000000,,1.0,2.0,3.0
6790000000,679,6790000000,,1.0,2.0,3.0
6800000000,680,6800000000,,1.0,2.0,3.0
6810000000,681,6810000000,,1.0,2.0,3.0
6820000000,682,6820000000,,1.0,2.0,3.0
6830000000,683,6830000000,,1.0,2.0,3.0
6840000000,684,6840000000,,1.0,2.0,3.0
6850000000,685,6850000000,,1.0,2.0,3.0
6860000000,686,6860000000,,1.0,2.0,3.0
6870000000,687,6870000000,,1.0,2.0,3.0
6880000000,688,6880000000,,1.0,2.0,3.0
6890000000,689,6890000000,,1.0,2.0,3.0
6900000000,690,6900000000,,1.0,2.0,3.0
6910000000,691,6910000000,,1.0,2.0,3.0
6920000000,692,6920000000,,1.0,2.0,3.0
6930000000,693,6930000000,,1.0,2.0,3.0
6940000000,694,6940000000,,1.0,2.0,3.0
6950000000,695,6950000000,,1.0,2.0,3.0
6960000000,696,6960000000,,1.0,2.0,3.0
6970000000,697,6970000000,,1.0,2.0,3.0
6980000000,698,6980000000,,1.0,2.0,3.0
6990000000,699,6990000000,,1.0,2.0,3.0
7000000000,700,7000000000,,1.0,2.0,3.0
7010000000,701,7010000000,,1.0,2.0,3.0
7020000000,702,7020000000,,1.0,2.0,3.0
7030000000,703,7030000000,,1.0,2.0,3.0
7040000000,704,7040000000,,1.0,2.0,3.0
7050000000,705,7050000000,,1.0,2.0,3.0
7060000000,706,7060000000,,1.0,2.0,3.0
7070000000,707,7070000000,,1.0,2.0,3.0
7080000000,708,7080000000,,1.0,2.0,3.0
7090000000,709,7090000000,,1.0,2.0,3.0
7100000000,710,7100000000,,1.0,2.0,3.0
7110000000,711,7110000000,,1.0,2.0,3.0
7120000000,712,7120000000,,1.0,2.0,3.0
7130000000,713,7130000000,,1.0,2.0,3.0
7140000000,714,7140000000,,1.0,2.0,3.0
7150000000,715,7150000000,,1.0,2.0,3.0
7160000000,716,7160000000,,1.0,2.0,3.0
7170000000,717,7170000000,,1.0,2.0,3.0
7180000000,718,7180000000,,1.0,2.0,3.0
7190000000,719,7190000000,,1.0,2.0,3.0
7200000000,720,7200000000,,1.0,2.0,3.0
7210000000,721,7210000000,,1.0,2.0,3.0
7220000000,722,7220000000,,1.0,2.0,3.0
7230000000,723,7230000000,,1.0,2.0,3.0
7240000000,724,7240000000,,1.0,2.0,3.0
7250000000,725,7250000000,,1.0,2.0,3.0
7260000000,726,7260000000,,1.0,2.0,3.0
7270000000,727,7270000000,,1.0,2.0,3.0
7280000000,728,7280000000,,1.0,2.0,3.0
7290000000,729,7290000000,,1.0,2.0,3.0
7300000000,730,7300000000,,1.0,2.0,3.0
7310000000,731,7310000000,,1.0,2.0,3.0
7320000000,732,7320000000,,1.0,2.0,3.0
7330000000,733,7330000000,,1.0,2.0,3.0
7340000000,734,7340000000,,1.0,2.0,3.0
7350000000,735,7350000000,,1.0,2.0,3.0
7360000000,736,7360000000,,1.0,2.0,3.0
7370000000,737,7370000000,,1.0,2.0,3.0
7380000000,738,7380000000,,1.0,2.0,3.0
7390000000,739,7390000000,,1.0,2.0,3.0
7400000000,740,7400000000,,1.0,2.0,3.0
7410000000,741,7410000000,,1.0,2.0,3.0
7420000000,742,7420000000,,1.0,2.0,3.0
7430000000,743,7430000000,,1.0,2.0,3.0
7440000000,744,7440000000,,1.0,2.0,3.0
7450000000,745,7450000000,,1.0,2.0,3.0
7460000000,746,7460000000,,1.0,2.0,3.0
7470000000,747,7470000000,,1.0,2.0,3.0
7480000000,748,7480000000,,1.0,2.0,3.0
7490000000,749,7490000000,,1.0,2.0,3.0
7500000000,750,7500000000,,1.0,2.0,3.0
7510000000,751,7510000000,,1.0,2.0,3.0
7520000000,752,7520000000,,1.0,2.0,3.0
7530000000,753,7530000000,,1.0,2.0,3.0
7540000000,754,7540000000,,1.0,2.0,3.0
7550000000,755,7550000000,,1.0,2.0,3.0
7560000000,756,7560000000,,1.0,2.0,3.0
7570000000,757,7570000000,,1.0,2.0,3.0
7580000000,758,7580000000,,1.0,2.0,3.0
7590000000,759,7590000000,,1.0,2.0,3.0
7600000000,760,7600000000,,1.0,2.0,3.0
7610000000,761,7610000000,,1.0,2.0,3.0
7620000000,762,7620000000,,1.0,2.0,3.0
7630000000,763,7630000000,,1.0,2.0,3.0
7640000000,764,7640000000,,1.0,2.0,3.0
7650000000,765,7650000000,,1.0,2.0,3.0
7660000000,766,7660000000,,1.0,2.0,3.0
7670000000,767,7670000000,,1.0,2.0,3.0
7680000000,768,7680000000,,1.0,2.0,3.0
7690000000,769,7690000000,,1.0,2.0,3.0
7700000000,770,7700000000,,1.0,2.0,3.0
7710000000,771,7710000000,,1.0,2.0,3.0
7720000000,772,7720000000,,1.0,2.0,3.0
7730000000,773,7730000000,,1.0,2.0,3.0
7740000000,774,7740000000,,1.0,2.0,3.0
7750000000,775,7750000000,,1.0,2.0,3.0
7760000000,776,7760000000,,1.0,2.0,3.0
7770000000,777,7770000000,,1.0,2.0,3.0
7780000000,778,7780000000,,1.0,2.0,3.0
7790000000,779,7790000000,,1.0,2.0,3.0
7800000000,780,7800000000,,1.0,2.0,3.0
7810000000,781,7810000000,,1.0,2.0,3.0
7820000000,782,7820000000,,1.0,2.0,3.0
7830000000,783,7830000000,,1.0,2.0,3.0
7840000000,784,7840000000,,1.0,2.0,3.0
7850000000,785,7850000000,,1.0,2.0,3.0
7860000000,786,7860000000,,1.0,2.0,3.0
7870000000,787,7870000000,,1.0,2.0,3.0
7880000000,788,7880000000,,1.0,2.0,3.0
7890000000,789,7890000000,,1.0,2.0,3.0
7900000000,790,7900000000,,1.0,2.0,3.0
7910000000,791,7910000000,,1.0,2.0,3.0
7920000000,792,7920000000,,1.0,2.0,3.0
7930000000,793,7930000000,,1.0,2.0,3.0
7940000000,794,7940000000,,1.0,2.0,3.0
7950000000,795,7950000000,,1.0,2.0,3.0
7960000000,796,7960000000,,1.0,2.0,3.0
7970000000,797,7970000000,,1.0,2.0,3.0
7980000000,798,7980000000,,1.0,2.0,3.0
7990000000,799,7990000000,,1.0,2.0,3.0
8000000000,800,8000000000,,1.0,2.0,3.0
8010000000,801,8010000000,,1.0,2.0,3.0
8020000000,802,8020000000,,1.0,2.0,3.0
8030000000,803,8030000000,,1.0,2.0,3.0
8040000000,804,8040000000,,1.0,2.0,3.0
8050000000,805,8050000000,,1.0,2.0,3.0
8060000000,806,8060000000,,1.0,2.0,3.0
8070000000,807,8070000000,,1.0,2.0,3.0
8080000000,808,8080000000,,1.0,2.0,3.0
8090000000,809,8090000000,,1.0,2.0,3.0
8100000000,810,8100000000,,1.0,2.0,3.0
8110000000,811,8110000000,,1.0,2.0,3.0
8120000000,812,8120000000,,1.0,2.0,3.0
8130000000,813,8130000000,,1.0,2.0,3.0
8140000000,814,8140000000,,1.0,2.0,3.0
8150000000,815,8150000000,,1.0,2.0,3.0
8160000000,816,8160000000,,1.0,2.0,3.0
8170000000,817,8170000000,,1.0,2.0,3.0
8180000000,818,8180000000,,1.0,2.0,3.0
8190000000,819,8190000000,,1.0,2.0,3.0
8200000000,820,8200000000,,1.0,2.0,3.0
8210000000,821,8210000000,,1.0,2.0,3.0
8220000000,822,8220000000,,1.0,2.0,3.0
8230000000,823,8230000000,,1.0,2.0,3.0
8240000000,824,8240000000,,1.0,2.0,3.0
8250000000,825,8250000000,,1.0,2.0,3.0
8260000000,826,8260000000,,1.0,2.0,3.0
8270000000,827,8270000000,,1.0,2.0,3.0
8280000000,828,8280000000,,1.0,2.0,3.0
8290000000,829,8290000000,,1.0,2.0,3.0
8300000000,830,8300000000,,1.0,2.0,3.0
8310000000,831,8310000000,,1.0,2.0,3.0
8320000000,832,8320000000,,1.0,2.0,3.0
8330000000,833,8330000000,,1.0,2.0,3.0
8340000000,834,8340000000,,1.0,2.0,3.0
8350000000,835,8350000000,,1.0,2.0,3.0
8360000000,836,8360000000,,1.0,2.0,3.0
8370000000,837,8370000000,,1.0,2.0,3.0
8380000000,838,8380000000,,1.0,2.0,3.0
8390000000,839,8390000000,,1.0,2.0,3.0
8400000000,840,8400000000,,1.0,2.0,3.0
8410000000,841,8410000000,,1.0,2.0,3.0
8420000000,842,8420000000,,1.0,2.0,3.0
8430000000,843,8430000000,,1.0,2.0,3.0
8440000000,844,8440000000,,1.0,2.0,3.0
8450000000,845,8450000000,,1.0,2.0,3.0
8460000000,846,8460000000,,1.0,2.0,3.0
8470000000,847,8470000000,,1.0,2.0,3.0
8480000000,848,8480000000,,1.0,2.0,3.0
8490000000,849,8490000000,,1.0,2.0,3.0
8500000000,850,8500000000,,1.0,2.0,3.0
8510000000,851,8510000000,,1.0,2.0,3.0
8520000000,852,8520000000,,1.0,2.0,3.0
8530000000,853,8530000000,,1.0,2.0,3.0
8540000000,854,8540000000,,1.0,2.0,3.0
8550000000,855,8550000000,,1.0,2.0,3.0
8560000000,856,8560000000,,1.0,2.0,3.0
8570000000,857,8570000000,,1.0,2.0,3.0
8580000000,858,8580000000,,1.0,2.0,3.0
8590000000,859,8590000000,,1.0,2.0,3.0
8600000000,860,8600000000,,1.0,2.0,3.0
8610000000,861,8610000000,,1.0,2.0,3.0
8620000000,862,8620000000,,1.0,2.0,3.0
8630000000,863,8630000000,,1.0,2.0,3.0
8640000000,864,8640000000,,1.0,2.0,3.0
8650000000,865,8650000000,,1.0,2.0,3.0
8660000000,866,8660000000,,1.0,2.0,3.0
8670000000,867,8670000000,,1.0,2.0,3.0
8680000000,868,8680000000,,1.0,2.0,3.0
8690000000,869,8690000000,,1.0,2.0,3.0
8700000000,870,8700000000,,1.0,2.0,3.0
8710000000,871,8710000000,,1.0,2.0,3.0
8720000000,872,8720000000,,1.0,2.0,3.0
8730000000,873,8730000000,,1.0,2.0,3.0
8740000000,874,8740000000,,1.0,2.0,3.0
8750000000,875,8750000000,,1.0,2.0,3.0
8760000000,876,8760000000,,1.0,2.0,3.0
8770000000,877,8770000000,,1.0,2.0,3.0
8780000000,878,8780000000,,1.0,2.0,3.0
8790000000,879,8790000000,,1.0,2.0,3.0
8800000000,880,8800000000,,1.0,2.0,3.0
8810000000,881,8810000000,,1.0,2.0,3.0
8820000000,882,8820000000,,1.0,2.0,3.0
8830000000,883,8830000000,,1.0,2.0,3.0
8840000000,884,8840000000,,1.0,2.0,3.0
8850000000,885,8850000000,,1.0,2.0,3.0
8860000000,886,8860000000,,1.0,2.0,3.0
8870000000,887,8870000000,,1.0,2.0,3.0
8880000000,888,8880000000,,1.0,2.0,3.0
8890000000,889,8890000000,,1.0,2.0,3.0
8900000000,890,8900000000,,1.0,2.0,3.0
8910000000,891,8910000000,,1.0,2.0,3.0
8920000000,892,8920000000,,1.0,2.0,3.0
8930000000,893,8930000000,,1.0,2.0,3.0
8940000000,894,8940000000,,1.0,2.0,3.0
8950000000,895,8950000000,,1.0,2.0,3.0
8960000000,896,8960000000,,1.0,2.0,3.0
8970000000,897,8970000000,,1.0,2.0,3.0
8980000000,898,8980000000,,1.0,2.0,3.0
8990000000,899,8990000000,,1.0,2.0,3.0
9000000000,900,9000000000,,1.0,2.0,3.0
9010000000,901,9010000000,,1.0,2.0,3.0
9020000000,902,9020000000,,1.0,2.0,3.0
9030000000,903,9030000000,,1.0,2.0,3.0
9040000000,904,9040000000,,1.0,2.0,3.0
9050000000,905,9050000000,,1.0,2.0,3.0
9060000000,906,9060000000,,1.0,2.0,3.0
9070000000,907,9070000000,,1.0,2.0,3.0
9080000000,908,9080000000,,1.0,2.0,3.0
9090000000,909,9090000000,,1.0,2.0,3.0
9100000000,910,9100000000,,1.0,2.0,3.0
9110000000,911,9110000000,,1.0,2.0,3.0
9120000000,912,9120000000,,1.0,2.0,3.0
9130000000,913,9130000000,,1.0,2.0,3.0
9140000000,914,9140000000,,1.0,2.0,3.0
9150000000,915,9150000000,,1.0,2.0,3.0
9160000000,916,9160000000,,1.0,2.0,3.0
9170000000,917,9170000000,,1.0,2.0,3.0
9180000000,918,9180000000,,1.0,2.0,3.0
9190000000,919,9190000000,,1.0,2.0,3.0
9200000000,920,9200000000,,1.0,2.0,3.0
9210000000,921,9210000000,,1.0,2.0,3.0
9220000000,922,9220000000,,1.0,2.0,3.0
9230000000,923,9230000000,,1.0,2.0,3.0
9240000000,924,9240000000,,1.0,2.0,3.0
9250000000,925,9250000000,,1.0,2.0,3.0
9260000000,926,9260000000,,1.0,2.0,3.0
9270000000,927,9270000000,,1.0,2.0,3.0
9280000000,928,9280000000,,1.0,2.0,3.0
9290000000,929,9290000000,,1.0,2.0,3.0
9300000000,930,9300000000,,1.0,2.0,3.0
9310000000,931,9310000000,,1.0,2.0,3.0
9320000000,932,9320000000,,1.0,2.0,3.0
9330000000,933,9330000000,,1.0,2.0,3.0
9340000000,934,9340000000,,1.0,2.0,3.0
9350000000,935,9350000000,,1.0,2.0,3.0
9360000000,936,9360000000,,1.0,2.0,3.0
9370000000,937,9370000000,,1.0,2.0,3.0
9380000000,938,9380000000,,1.0,2.0,3.0
9390000000,939,9390000000,,1.0,2.0,3.0
9400000000,940,9400000000,,1.0,2.0,3.0
9410000000,941,9410000000,,1.0,2.0,3.0
9420000000,942,9420000000,,1.0,2.0,3.0
9430000000,943,9430000000,,1.0,2.0,3.0
9440000000,944,9440000000,,1.0,2.0,3.0
9450000000,945,9450000000,,1.0,2.0,3.0
9460000000,946,9460000000,,1.0,2.0,3.0
9470000000,947,9470000000,,1.0,2.0,3.0
9480000000,948,9480000000,,1.0,2.0,3.0
9490000000,949,9490000000,,1.0,2.0,3.0
9500000000,950,9500000000,,1.0,2.0,3.0
9510000000,951,9510000000,,1.0,2.0,3.0
9520000000,952,9520000000,,1.0,2.0,3.0
9530000000,953,9530000000,,1.0,2.0,3.0
9540000000,954,9540000000,,1.0,2.0,3.0
9550000000,955,9550000000,,1.0,2.0,3.0
9560000000,956,9560000000,,1.0,2.0,3.0
9570000000,957,9570000000,,1.0,2.0,3.0
9580000000,958,9580000000,,1.0,2.0,3.0
9590000000,959,9590000000,,1.0,2.0,3.0
9600000000,960,9600000000,,1.0,2.0,3.0
9610000000,961,9610000000,,1.0,2.0,3.0
9620000000,962,9620000000,,1.0,2.0,3.0
9630000000,963,9630000000,,1.0,2.0,3.0
9640000000,964,9640000000,,1.0,2.0,3.0
9650000000,965,9650000000,,1.0,2.0,3.0
9660000000,966,9660000000,,1.0,2.0,3.0
9670000000,967,9670000000,,1.0,2.0,3.0
9680000000,968,9680000000,,1.0,2.0,3.0
9690000000,969,9690000000,,1.0,2.0,3.0
9700000000,970,9700000000,,1.0,2.0,3.0
9710000000,971,9710000000,,1.0,2.0,3.0
9720000000,972,9720000000,,1.0,2.0,3.0
9730000000,973,9730000000,,1.0,2.0,3.0
9740000000,974,9740000000,,1.0,2.0,3.0
9750000000,975,9750000000,,1.0,2.0,3.0
9760000000,976,9760000000,,1.0,2.0,3.0
9770000000,977,9770000000,,1.0,2.0,3.0
9780000000,978,9780000000,,1.0,2.0,3.0
9790000000,979,9790000000,,1.0,2.0,3.0
9800000000,980,9800000000,,1.0,2.0,3.0
9810000000,981,9810000000,,1.0,2.0,3.0
9820000000,982,9820000000,,1.0,2.0,3.0
9830000000,983,9830000000,,1.0,2.0,3.0
9840000000,984,9840000000,,1.0,2.0,3.0
9850000000,985,9850000000,,1.0,2.0,3.0
9860000000,986,9860000000,,1.0,2.0,3.0
9870000000,987,9870000000,,1.0,2.0,3.0
9880000000,988,9880000000,,1.0,2.0,3.0
9890000000,989,9890000000,,1.0,2.0,3.0
9900000000,990,9900000000,,1.0,2.0,3.0
9910000000,991,9910000000,,1.0,2.0,3.0
9920000000,992,9920000000,,1.0,2.0,3.0
9930000000,993,9930000000,,1.0,2.0,3.0
9940000000,994,9940000000,,1.0,2.0,3.0
9950000000,995,9950000000,,1.0,2.0,3.0
9960000000,996,9960000000,,1.0,2.0,3.0
9970000000,997,9970000000,,1.0,2.0,3.0
9980000000,998,9980000000,,1.0,2.0,3.0
9990000000,999,9990000000,,1.0,2.0,3.0
10000000000,1000,10000000000,,1.0,2.0,3.0
10010000000,1001,10010000000,,1.0,2.0,3.0
10020000000,1002,10020000000,,1.0,2.0,3.0
10030000000,1003,10030000000,,1.0,2.0,3.0
10040000000,1004,10040000000,,1.0,2.0,3.0
10050000000,1005,10050000000,,1.0,2.0,3.0
10060000000,1006,10060000000,,1.0,2.0,3.0
10070000000,1007,10070000000,,1.0,2.0,3.0
10080000000,1008,10080000000,,1.0,2.0,3.0
10090000000,1009,10090000000,,1.0,2.0,3.0
10100000000,1010,10100000000,,1.0,2.0,3.0
10110000000,1011,10110000000,,1.0,2.0,3.0
10120000000,1012,10120000000,,1.0,2.0,3.0
10130000000,1013,10130000000,,1.0,2.0,3.0
10140000000,1014,10140000000,,1.0,2.0,3.0
10150000000,1015,10150000000,,1.0,2.0,3.0
10160000000,1016,10160000000,,1.0,2.0,3.0
10170000000,1017,10170000000,,1.0,2.0,3.0
10180000000,1018,10180000000,,1.0,2.0,3.0
10190000000,1019,10190000000,,1.0,2.0,3.0
10200000000,1020,10200000000,,1.0,2.0,3.0
10210000000,1021,10210000000,,1.0,2.0,3.0
10220000000,1022,10220000000,,1.0,2.0,3.0
10230000000,1023,10230000000,,1.0,2.0,3.0
10240000000,1024,10240000000,,1.0,2.0,3.0
10250000000,1025,10250000000,,1.0,2.0,3.0
10260000000,1026,10260000000,,1.0,2.0,3.0
10270000000,1027,10270000000,,1.0,2.0,3.0
10280000000,1028,10280000000,,1.0,2.0,3.0
10290000000,1029,10290000000,,1.0,2.0,3.0
10300000000,1030,10300000000,,1.0,2.0,3.0
10310000000,1031,10310000000,,1.0,2.0,3.0
10320000000,1032,10320000000,,1.0,2.0,3.0
10330000000,1033,10330000000,,1.0,2.0,3.0
10340000000,1034,10340000000,,1.0,2.0,3.0
10350000000,1035,10350000000,,1.0,2.0,3.0
10360000000,1036,10360000000,,1.0,2.0,3.0
10370000000,1037,10370000000,,1.0,2.0,3.0
10380000000,1038,10380000000,,1.0,2.0,3.0
10390000000,1039,10390000000,,1.0,2.0,3.0
10400000000,1040,10400000000,,1.0,2.0,3.0
10410000000,1041,10410000000,,1.0,2.0,3.0
10420000000,1042,10420000000,,1.0,2.0,3.0
10430000000,1043,10430000000,,1.0,2.0,3.0
10440000000,1044,10440000000,,1.0,2.0,3.0
10450000000,1045,10450000000,,1.0,2.0,3.0
10460000000,1046,10460000000,,1.0,2.0,3.0
10470000000,1047,10470000000,,1.0,2.0,3.0
10480000000,1048,10480000000,,1.0,2.0,3.0
10490000000,1049,10490000000,,1.0,2.0,3.0
10500000000,1050,10500000000,,1.0,2.0,3.0
10510000000,1051,10510000000,,1.0,2.0,3.0
10520000000,1052,10520000000,,1.0,2.0,3.0
10530000000,1053,10530000000,,1.0,2.0,3.0
10540000000,1054,10540000000,,1.0,2.0,3.0
10550000000,1055,10550000000,,1.0,2.0,3.0
10560000000,1056,10560000000,,1.0,2.0,3.0
10570000000,1057,10570000000,,1.0,2.0,3.0
10580000000,1058,10580000000,,1.0,2.0,3.0
10590000000,1059,10590000000,,1.0,2.0,3.0
10600000000,1060,10600000000,,1.0,2.0,3.0
10610000000,1061,10610000000,,1.0,2.0,3.0
10620000000,1062,10620000000,,1.0,2.0,3.0
10630000000,1063,10630000000,,1.0,2.0,3.0
10640000000,1064,10640000000,,1.0,2.0,3.0
10650000000,1065,10650000000,,1.0,2.0,3.0
10660000000,1066,10660000000,,1.0,2.0,3.0
10670000000,1067,10670000000,,1.0,2.0,3.0
10680000000,1068,10680000000,,1.0,2.0,3.0
10690000000,1069,10690000000,,1.0,2.0,3.0
10700000000,1070,10700000000,,1.0,2.0,3.0
10710000000,1071,10710000000,,1.0,2.0,3.0
10720000000,1072,10720000000,,1.0,2.0,3.0
10730000000,1073,10730000000,,1.0,2.0,3.0
10740000000,1074,10740000000,,1.0,2.0,3.0
10750000000,1075,10750000000,,1.0,2.0,3.0
10760000000,1076,10760000000,,1.0,2.0,3.0
10770000000,1077,10770000000,,1.0,2.0,3.0
10780000000,1078,10780000000,,1.0,2.0,3.0
10790000000,1079,10790000000,,1.0,2.0,3.0
10800000000,1080,10800000000,,1.0,2.0,3.0
10810000000,1081,10810000000,,1.0,2.0,3.0
10820000000,1082,10820000000,,1.0,2.0,3.0
10830000000,1083,10830000000,,1.0,2.0,3.0
10840000000,1084,10840000000,,1.0,2.0,3.0
10850000000,1085,10850000000,,1.0,2.0,3.0
10860000000,1086,10860000000,,1.0,2.0,3.0
10870000000,1087,10870000000,,1.0,2.0,3.0
10880000000,1088,10880000000,,1.0,2.0,3.0
10890000000,1089,10890000000,,1.0,2.0,3.0
10900000000,1090,10900000000,,1.0,2.0,3.0
10910000000,1091,10910000000,,1.0,2.0,3.0
10920000000,1092,10920000000,,1.0,2.0,3.0
10930000000,1093,10930000000,,1.0,2.0,3.0
10940000000,1094,10940000000,,1.0,2.0,3.0
10950000000,1095,10950000000,,1.0,2.0,3.0
10960000000,1096,10960000000,,1.0,2.0,3.0
10970000000,1097,10970000000,,1.0,2.0,3.0
10980000000,1098,10980000000,,1.0,2.0,3.0
10990000000,1099,10990000000,,1.0,2.0,3.0
11000000000,1100,11000000000,,1.0,2.0,3.0
11010000000,1101,11010000000,,1.0,2.0,3.0
11020000000,1102,11020000000,,1.0,2.0,3.0
11030000000,1103,11030000000,,1.0,2.0,3.0
11040000000,1104,11040000000,,1.0,2.0,3.0
11050000000,1105,11050000000,,1.0,2.0,3.0
11060000000,1106,11060000000,,1.0,2.0,3.0
11070000000,1107,11070000000,,1.0,2.0,3.0
11080000000,1108,11080000000,,1.0,2.0,3.0
11090000000,1109,11090000000,,1.0,2.0,3.0
11100000000,1110,11100000000,,1.0,2.0,3.0
11110000000,1111,11110000000,,1.0,2.0,3.0
11120000000,1112,11120000000,,1.0,2.0,3.0
11130000000,1113,11130000000,,1.0,2.0,3.0
11140000000,1114,11140000000,,1.0,2.0,3.0
11150000000,1115,11150000000,,1.0,2.0,3.0
11160000000,1116,11160000000,,1.0,2.0,3.0
11170000000,1117,11170000000,,1.0,2.0,3.0
11180000000,1118,11180000000,,1.0,2.0,3.0
11190000000,1119,11190000000,,1.0,2.0,3.0
11200000000,1120,11200000000,,1.0,2.0,3.0
11210000000,1121,11210000000,,1.0,2.0,3.0
11220000000,1122,11220000000,,1.0,2.0,3.0
11230000000,1123,11230000000,,1.0,2.0,3.0
11240000000,1124,11240000000,,1.0,2.0,3.0
11250000000,1125,11250000000,,1.0,2.0,3.0
11260000000,1126,11260000000,,1.0,2.0,3.0
11270000000,1127,11270000000,,1.0,2.0,3.0
11280000000,1128,11280000000,,1.0,2.0,3.0
11290000000,1129,11290000000,,1.0,2.0,3.0
11300000000,1130,11300000000,,1.0,2.0,3.0
11310000000,1131,11310000000,,1.0,2.0,3.0
11320000000,1132,11320000000,,1.0,2.0,3.0
11330000000,1133,11330000000,,1.0,2.0,3.0
11340000000,1134,11340000000,,1.0,2.0,3.0
11350000000,1135,11350000000,,1.0,2.0,3.0
11360000000,1136,11360000000,,1.0,2.0,3.0
11370000000,1137,11370000000,,1.0,2.0,3.0
11380000000,1138,11380000000,,1.0,2.0,3.0
11390000000,1139,11390000000,,1.0,2.0,3.0
11400000000,1140,11400000000,,1.0,2.0,3.0
11410000000,1141,11410000000,,1.0,2.0,3.0
11420000000,1142,11420000000,,1.0,2.0,3.0
11430000000,1143,11430000000,,1.0,2.0,3.0
11440000000,1144,11440000000,,1.0,2.0,3.0
11450000000,1145,11450000000,,1.0,2.0,3.0
11460000000,1146,11460000000,,1.0,2.0,3.0
11470000000,1147,11470000000,,1.0,2.0,3.0
11480000000,1148,11480000000,,1.0,2.0,3.0
11490000000,1149,11490000000,,1.0,2.0,3.0
11500000000,1150,11500000000,,1.0,2.0,3.0
11510000000,1151,11510000000,,1.0,2.0,3.0
11520000000,1152,11520000000,,1.0,2.0,3.0
11530000000,1153,11530000000,,1.0,2.0,3.0
11540000000,1154,11540000000,,1.0,2.0,3.0
11550000000,1155,11550000000,,1.0,2.0,3.0
11560000000,1156,11560000000,,1.0,2.0,3.0
11570000000,1157,11570000000,,1.0,2.0,3.0
11580000000,1158,11580000000,,1.0,2.0,3.0
11590000000,1159,11590000000,,1.0,2.0,3.0
11600000000,1160,11600000000,,1.0,2.0,3.0
11610000000,1161,11610000000,,1.0,2.0,3.0
11620000000,1162,11620000000,,1.0,2.0,3.0
11630000000,1163,11630000000,,1.0,2.0,3.0
11640000000,1164,11640000000,,1.0,2.0,3.0
11650000000,1165,11650000000,,1.0,2.0,3.0
11660000000,1166,11660000000,,1.0,2.0,3.0
11670000000,1167,11670000000,,1.0,2.0,3.0
11680000000,1168,11680000000,,1.0,2.0,3.0
11690000000,1169,11690000000,,1.0,2.0,3.0
11700000000,1170,11700000000,,1.0,2.0,3.0
11710000000,1171,11710000000,,1.0,2.0,3.0
11720000000,1172,11720000000,,1.0,2.0,3.0
11730000000,1173,11730000000,,1.0,2.0,3.0
11740000000,1174,11740000000,,1.0,2.0,3.0
11750000000,1175,11750000000,,1.0,2.0,3.0
11760000000,1176,11760000000,,1.0,2.0,3.0
11770000000,1177,11770000000,,1.0,2.0,3.0
11780000000,1178,11780000000,,1.0,2.0,3.0
11790000000,1179,11790000000,,1.0,2.0,3.0
11800000000,1180,11800000000,,1.0,2.0,3.0
11810000000,1181,11810000000,,1.0,2.0,3.0
11820000000,1182,11820000000,,1.0,2.0,3.0
11830000000,1183,11830000000,,1.0,2.0,3.0
11840000000,1184,11840000000,,1.0,2.0,3.0
11850000000,1185,11850000000,,1.0,2.0,3.0
11860000000,1186,11860000000,,1.0,2.0,3.0
11870000000,1187,11870000000,,1.0,2.0,3.0
11880000000,1188,11880000000,,1.0,2.0,3.0
11890000000,1189,11890000000,,1.0,2.0,3.0
11900000000,1190,11900000000,,1.0,2.0,3.0
11910000000,1191,11910000000,,1.0,2.0,3.0
11920000000,1192,11920000000,,1.0,2.0,3.0
11930000000,1193,11930000000,,1.0,2.0,3.0
11940000000,1194,11940000000,,1.0,2.0,3.0
11950000000,1195,11950000000,,1.0,2.0,3.0
11960000000,1196,11960000000,,1.0,2.0,3.0
11970000000,1197,11970000000,,1.0,2.0,3.0
11980000000,1198,11980000000,,1.0,2.0,3.0
11990000000,1199,11990000000,,1.0,2.0,3.0
12000000000,1200,12000000000,,1.0,2.0,3.0
12010000000,1201,12010000000,,1.0,2.0,3.0
12020000000,1202,12020000000,,1.0,2.0,3.0
12030000000,1203,12030000000,,1.0,2.0,3.0
12040000000,1204,12040000000,,1.0,2.0,3.0
12050000000,1205,12050000000,,1.0,2.0,3.0
12060000000,1206,12060000000,,1.0,2.0,3.0
12070000000,1207,12070000000,,1.0,2.0,3.0
12080000000,1208,12080000000,,1.0,2.0,3.0
12090000000,1209,12090000000,,1.0,2.0,3.0
12100000000,1210,12100000000,,1.0,2.0,3.0
12110000000,1211,12110000000,,1.0,2.0,3.0
12120000000,1212,12120000000,,1.0,2.0,3.0
12130000000,1213,12130000000,,1.0,2.0,3.0
12140000000,1214,12140000000,,1.0,2.0,3.0
12150000000,1215,12150000000,,1.0,2.0,3.0
12160000000,1216,12160000000,,1.0,2.0,3.0
12170000000,1217,12170000000,,1.0,2.0,3.0
12180000000,1218,12180000000,,1.0,2.0,3.0
12190000000,1219,12190000000,,1.0,2.0,3.0
12200000000,1220,12200000000,,1.0,2.0,3.0
12210000000,1221,12210000000,,1.0,2.0,3.0
12220000000,1222,12220000000,,1.0,2.0,3.0
12230000000,1223,12230000000,,1.0,2.0,3.0
12240000000,1224,12240000000,,1.0,2.0,3.0
12250000000,1225,12250000000,,1.0,2.0,3.0
12260000000,1226,12260000000,,1.0,2.0,3.0
12270000000,1227,12270000000,,1.0,2.0,3.0
12280000000,1228,12280000000,,1.0,2.0,3.0
12290000000,1229,12290000000,,1.0,2.0,3.0
12300000000,1230,12300000000,,1.0,2.0,3.0
12310000000,1231,12310000000,,1.0,2.0,3.0
12320000000,1232,12320000000,,1.0,2.0,3.0
12330000000,1233,12330000000,,1.0,2.0,3.0
12340000000,1234,12340000000,,1.0,2.0,3.0
12350000000,1235,12350000000,,1.0,2.0,3.0
12360000000,1236,12360000000,,1.0,2.0,3.0
12370000000,1237,12370000000,,1.0,2.0,3.0
12380000000,1238,12380000000,,1.0,2.0,3.0
12390000000,1239,12390000000,,1.0,2.0,3.0
12400000000,1240,12400000000,,1.0,2.0,3.0
12410000000,1241,12410000000,,1.0,2.0,3.0
12420000000,1242,12420000000,,1.0,2.0,3.0
12430000000,1243,12430000000,,1.0,2.0,3.0
12440000000,1244,12440000000,,1.0,2.0,3.0
12450000000,1245,12450000000,,1.0,2.0,3.0
12460000000,1246,12460000000,,1.0,2.0,3.0
12470000000,1247,12470000000,,1.0,2.0,3.0
12480000000,1248,12480000000,,1.0,2.0,3.0
12490000000,1249,12490000000,,1.0,2.0,3.0
12500000000,1250,12500000000,,1.0,2.0,3.0
12510000000,1251,12510000000,,1.0,2.0,3.0
12520000000,1252,12520000000,,1.0,2.0,3.0
12530000000,1253,12530000000,,1.0,2.0,3.0
12540000000,1254,12540000000,,1.0,2.0,3.0
12550000000,1255,12550000000,,1.0,2.0,3.0
12560000000,1256,12560000000,,1.0,2.0,3.0
12570000000,1257,12570000000,,1.0,2.0,3.0
12580000000,1258,12580000000,,1.0,2.0,3.0
12590000000,1259,12590000000,,1.0,2.0,3.0
12600000000,1260,12600000000,,1.0,2.0,3.0
12610000000,1261,12610000000,,1.0,2.0,3.0
12620000000,1262,12620000000,,1.0,2.0,3.0
12630000000,1263,12630000000,,1.0,2.0,3.0
12640000000,1264,12640000000,,1.0,2.0,3.0
12650000000,1265,12650000000,,1.0,2.0,3.0
12660000000,1266,12660000000,,1.0,2.0,3.0
12670000000,1267,12670000000,,1.0,2.0,3.0
12680000000,1268,12680000000,,1.0,2.0,3.0
12690000000,1269,12690000000,,1.0,2.0,3.0
12700000000,1270,12700000000,,1.0,2.0,3.0
12710000000,1271,12710000000,,1.0,2.0,3.0
12720000000,1272,12720000000,,1.0,2.0,3.0
12730000000,1273,12730000000,,1.0,2.0,3.0
12740000000,1274,12740000000,,1.0,2.0,3.0
12750000000,1275,12750000000,,1.0,2.0,3.0
12760000000,1276,12760000000,,1.0,2.0,3.0
12770000000,1277,12770000000,,1.0,2.0,3.0
12780000000,1278,12780000000,,1.0,2.0,3.0
12790000000,1279,12790000000,,1.0,2.0,3.0
12800000000,1280,12800000000,,1.0,2.0,3.0
12810000000,1281,12810000000,,1.0,2.0,3.0
12820000000,1282,12820000000,,1.0,2.0,3.0
12830000000,1283,12830000000,,1.0,2.0,3.0
12840000000,1284,12840000000,,1.0,2.0,3.0
12850000000,1285,12850000000,,1.0,2.0,3.0
12860000000,1286,12860000000,,1.0,2.0,3.0
12870000000,1287,12870000000,,1.0,2.0,3.0
12880000000,1288,12880000000,,1.0,2.0,3.0
12890000000,1289,12890000000,,1.0,2.0,3.0
12900000000,1290,12900000000,,1.0,2.0,3.0
12910000000,1291,12910000000,,1.0,2.0,3.0
12920000000,1292,12920000000,,1.0,2.0,3.0
12930000000,1293,12930000000,,1.0,2.0,3.0
12940000000,1294,12940000000,,1.0,2.0,3.0
12950000000,1295,12950000000,,1.0,2.0,3.0
12960000000,1296,12960000000,,1.0,2.0,3.0
12970000000,1297,12970000000,,1.0,2.0,3.0
12980000000,1298,12980000000,,1.0,2.0,3.0
12990000000,1299,12990000000,,1.0,2.0,3.0
13000000000,1300,13000000000,,1.0,2.0,3.0
13010000000,1301,13010000000,,1.0,2.0,3.0
13020000000,1302,13020000000,,1.0,2.0,3.0
13030000000,1303,13030000000,,1.0,2.0,3.0
13040000000,1304,13040000000,,1.0,2.0,3.0
13050000000,1305,13050000000,,1.0,2.0,3.0
13060000000,1306,13060000000,,1.0,2.0,3.0
13070000000,1307,13070000000,,1.0,2.0,3.0
13080000000,1308,13080000000,,1.0,2.0,3.0
13090000000,1309,13090000000,,1.0,2.0,3.0
13100000000,1310,13100000000,,1.0,2.0,3.0
13110000000,1311,13110000000,,1.0,2.0,3.0
13120000000,1312,13120000000,,1.0,2.0,3.0
13130000000,1313,13130000000,,1.0,2.0,3.0
13140000000,1314,13140000000,,1.0,2.0,3.0
13150000000,1315,13150000000,,1.0,2.0,3.0
13160000000,1316,13160000000,,1.0,2.0,3.0
13170000000,1317,13170000000,,1.0,2.0,3.0
13180000000,1318,13180000000,,1.0,2.0,3.0
13190000000,1319,13190000000,,1.0,2.0,3.0
13200000000,1320,13200000000,,1.0,2.0,3.0
13210000000,1321,13210000000,,1.0,2.0,3.0
13220000000,1322,13220000000,,1.0,2.0,3.0
13230000000,1323,13230000000,,1.0,2.0,3.0
13240000000,1324,13240000000,,1.0,2.0,3.0
13250000000,1325,13250000000,,1.0,2.0,3.0
13260000000,1326,13260000000,,1.0,2.0,3.0
13270000000,1327,13270000000,,1.0,2.0,3.0
13280000000,1328,13280000000,,1.0,2.0,3.0
13290000000,1329,13290000000,,1.0,2.0,3.0
13300000000,1330,13300000000,,1.0,2.0,3.0
13310000000,1331,13310000000,,1.0,2.0,3.0
13320000000,1332,13320000000,,1.0,2.0,3.0
13330000000,1333,13330000000,,1.0,2.0,3.0
13340000000,1334,13340000000,,1.0,2.0,3.0
13350000000,1335,13350000000,,1.0,2.0,3.0
13360000000,1336,13360000000,,1.0,2.0,3.0
13370000000,1337,13370000000,,1.0,2.0,3.0
13380000000,1338,13380000000,,1.0,2.0,3.0
13390000000,1339,13390000000,,1.0,2.0,3.0
13400000000,1340,13400000000,,1.0,2.0,3.0
13410000000,1341,13410000000,,1.0,2.0,3.0
13420000000,1342,13420000000,,1.0,2.0,3.0
13430000000,1343,13430000000,,1.0,2.0,3.0
13440000000,1344,13440000000,,1.0,2.0,3.0
13450000000,1345,13450000000,,1.0,2.0,3.0
13460000000,1346,13460000000,,1.0,2.0,3.0
13470000000,1347,13470000000,,1.0,2.0,3.0
13480000000,1348,13480000000,,1.0,2.0,3.0
13490000000,1349,13490000000,,1.0,2.0,3.0
13500000000,1350,13500000000,,1.0,2.0,3.0
13510000000,1351,13510000000,,1.0,2.0,3.0
13520000000,1352,13520000000,,1.0,2.0,3.0
13530000000,1353,13530000000,,1.0,2.0,3.0
13540000000,1354,13540000000,,1.0,2.0,3.0
13550000000,1355,13550000000,,1.0,2.0,3.0
13560000000,1356,13560000000,,1.0,2.0,3.0
13570000000,1357,13570000000,,1.0,2.0,3.0
13580000000,1358,13580000000,,1.0,2.0,3.0
13590000000,1359,13590000000,,1.0,2.0,3.0
13600000000,1360,13600000000,,1.0,2.0,3.0
13610000000,1361,13610000000,,1.0,2.0,3.0
13620000000,1362,13620000000,,1.0,2.0,3.0
13630000000,1363,13630000000,,1.0,2.0,3.0
13640000000,1364,13640000000,,1.0,2.0,3.0
13650000000,1365,13650000000,,1.0,2.0,3.0
13660000000,1366,13660000000,,1.0,2.0,3.0
13670000000,1367,13670000000,,1.0,2.0,3.0
13680000000,1368,13680000000,,1.0,2.0,3.0
13690000000,1369,13690000000,,1.0,2.0,3.0
13700000000,1370,13700000000,,1.0,2.0,3.0
13710000000,1371,13710000000,,1.0,2.0,3.0
13720000000,1372,13720000000,,1.0,2.0,3.0
13730000000,1373,13730000000,,1.0,2.0,3.0
13740000000,1374,13740000000,,1.0,2.0,3.0
13750000000,1375,13750000000,,1.0,2.0,3.0
13760000000,1376,13760000000,,1.0,2.0,3.0
13770000000,1377,13770000000,,1.0,2.0,3.0
13780000000,1378,13780000000,,1.0,2.0,3.0
13790000000,1379,13790000000,,1.0,2.0,3.0
13800000000,1380,13800000000,,1.0,2.0,3.0
13810000000,1381,13810000000,,1.0,2.0,3.0
13820000000,1382,13820000000,,1.0,2.0,3.0
13830000000,1383,13830000000,,1.0,2.0,3.0
13840000000,1384,13840000000,,1.0,2.0,3.0
13850000000,1385,13850000000,,1.0,2.0,3.0
13860000000,1386,13860000000,,1.0,2.0,3.0
13870000000,1387,13870000000,,1.0,2.0,3.0
13880000000,1388,13880000000,,1.0,2.0,3.0
13890000000,1389,13890000000,,1.0,2.0,3.0
13900000000,1390,13900000000,,1.0,2.0,3.0
13910000000,1391,13910000000,,1.0,2.0,3.0
13920000000,1392,13920000000,,1.0,2.0,3.0
13930000000,1393,13930000000,,1.0,2.0,3.0
13940000000,1394,13940000000,,1.0,2.0,3.0
13950000000,1395,13950000000,,1.0,2.0,3.0
13960000000,1396,13960000000,,1.0,2.0,3.0
13970000000,1397,13970000000,,1.0,2.0,3.0
13980000000,1398,13980000000,,1.0,2.0,3.0
13990000000,1399,13990000000,,1.0,2.0,3.0
14000000000,1400,14000000000,,1.0,2.0,3.0
14010000000,1401,14010000000,,1.0,2.0,3.0
14020000000,1402,14020000000,,1.0,2.0,3.0
14030000000,1403,14030000000,,1.0,2.0,3.0
14040000000,1404,14040000000,,1.0,2.0,3.0
14050000000,1405,14050000000,,1.0,2.0,3.0
14060000000,1406,14060000000,,1.0,2.0,3.0
14070000000,1407,14070000000,,1.0,2.0,3.0
14080000000,1408,14080000000,,1.0,2.0,3.0
14090000000,1409,14090000000,,1.0,2.0,3.0
14100000000,1410,14100000000,,1.0,2.0,3.0
14110000000,1411,14110000000,,1.0,2.0,3.0
14120000000,1412,14120000000,,1.0,2.0,3.0
14130000000,1413,14130000000,,1.0,2.0,3.0
14140000000,1414,14140000000,,1.0,2.0,3.0
14150000000,1415,14150000000,,1.0,2.0,3.0
14160000000,1416,14160000000,,1.0,2.0,3.0
14170000000,1417,14170000000,,1.0,2.0,3.0
14180000000,1418,14180000000,,1.0,2.0,3.0
14190000000,1419,14190000000,,1.0,2.0,3.0
14200000000,1420,14200000000,,1.0,2.0,3.0
14210000000,1421,14210000000,,1.0,2.0,3.0
14220000000,1422,14220000000,,1.0,2.0,3.0
14230000000,1423,14230000000,,1.0,2.0,3.0
14240000000,1424,14240000000,,1.0,2.0,3.0
14250000000,1425,14250000000,,1.0,2.0,3.0
14260000000,1426,14260000000,,1.0,2.0,3.0
14270000000,1427,14270000000,,1.0,2.0,3.0
14280000000,1428,14280000000,,1.0,2.0,3.0
14290000000,1429,14290000000,,1.0,2.0,3.0
14300000000,1430,14300000000,,1.0,2.0,3.0
14310000000,1431,14310000000,,1.0,2.0,3.0
14320000000,1432,14320000000,,1.0,2.0,3.0
14330000000,1433,14330000000,,1.0,2.0,3.0
14340000000,1434,14340000000,,1.0,2.0,3.0
