%time,field.header.seq,field.header.stamp,field.header.frame_id,field.point.x,field.point.y,field.point.z
5338930000000,60112,5338930000000,,601.0,120000000.0,3.0
5338940000000,60113,5338940000000,,601.0,130000000.0,3.0
5338950000000,60114,5338950000000,,601.0,140000000.0,3.0
5338960000000,60115,5338960000000,,601.0,150000000.0,3.0
5338970000000,60116,5338970000000,,601.0,160000000.0,3.0
5338980000000,60117,5338980000000,,601.0,170000000.0,3.0
5338990000000,60118,5338990000000,,601.0,180000000.0,3.0
5339000000000,60119,5339000000000,,601.0,190000000.0,3.0
5339010000000,60120,5339010000000,,601.0,200000000.0,3.0
5339020000000,60121,5339020000000,,601.0,210000000.0,3.0
5339030000000,60122,5339030000000,,601.0,220000000.0,3.0
5339040000000,60123,5339040000000,,601.0,230000000.0,3.0
5339050000000,60124,5339050000000,,601.0,240000000.0,3.0
5339060000000,60125,5339060000000,,601.0,250000000.0,3.0
5339070000000,60126,5339070000000,,601.0,260000000.0,3.0
5339080000000,60127,5339080000000,,601.0,270000000.0,3.0
5339090000000,60128,5339090000000,,601.0,280000000.0,3.0
5339100000000,60129,5339100000000,,601.0,290000000.0,3.0
5339110000000,60130,5339110000000,,601.0,300000000.0,3.0
5339120000000,60131,5339120000000,,601.0,310000000.0,3.0
5339130000000,60132,5339130000000,,601.0,320000000.0,3.0
5339140000000,60133,5339140000000,,601.0,330000000.0,3.0
5339150000000,60134,5339150000000,,601.0,340000000.0,3.0
5339160000000,60135,5339160000000,,601.0,350000000.0,3.0
5339170000000,60136,5339170000000,,601.0,360000000.0,3.0
5339180000000,60137,5339180000000,,601.0,370000000.0,3.0
5339190000000,60138,5339190000000,,601.0,380000000.0,3.0
5339200000000,60139,5339200000000,,601.0,390000000.0,3.0
5339210000000,60140,5339210000000,,601.0,400000000.0,3.0
5339220000000,60141,5339220000000,,601.0,410000000.0,3.0
5339230000000,60142,5339230000000,,601.0,420000000.0,3.0
5339240000000,60143,5339240000000,,601.0,430000000.0,3.0
5339250000000,60144,5339250000000,,601.0,440000000.0,3.0
5339260000000,60145,5339260000000,,601.0,450000000.0,3.0
5339280000000,60146,5339280000000,,601.0,460000000.0,3.0
5339290000000,60147,5339290000000,,601.0,470000000.0,3.0
5339300000000,60148,5339300000000,,601.0,480000000.0,3.0
5339310000000,60149,5339310000000,,601.0,490000000.0,3.0
5339320000000,60150,5339320000000,,601.0,500000000.0,3.0
5339330000000,60151,5339330000000,,601.0,510000000.0,3.0
5339340000000,60152,5339340000000,,601.0,520000000.0,3.0
5339350000000,60153,5339350000000,,601.0,530000000.0,3.0
5339360000000,60154,5339360000000,,601.0,540000000.0,3.0
5339370000000,60155,5339370000000,,601.0,550000000.0,3.0
5339380000000,60156,5339380000000,,601.0,560000000.0,3.0
5339390000000,60157,5339390000000,,601.0,570000000.0,3.0
5339400000000,60158,5339400000000,,601.0,580000000.0,3.0
5339410000000,60159,5339410000000,,601.0,590000000.0,3.0
5339420000000,60160,5339420000000,,601.0,600000000.0,3.0
5339430000000,60161,5339430000000,,601.0,610000000.0,3.0
5339440000000,60162,5339440000000,,601.0,620000000.0,3.0
5339450000000,60163,5339450000000,,601.0,630000000.0,3.0
5339460000000,60164,5339460000000,,601.0,640000000.0,3.0
5339470000000,60165,5339470000000,,601.0,650000000.0,3.0
5339480000000,60166,5339480000000,,601.0,660000000.0,3.0
5339490000000,60167,5339490000000,,601.0,670000000.0,3.0
5339500000000,60168,5339500000000,,601.0,680000000.0,3.0
5339510000000,60169,5339510000000,,601.0,690000000.0,3.0
5339520000000,60170,5339520000000,,601.0,700000000.0,3.0
5339530000000,60171,5339530000000,,601.0,710000000.0,3.0
5339550000000,60172,5339550000000,,601.0,720000000.0,3.0
5339550000000,60173,5339550000000,,601.0,730000000.0,3.0
5339560000000,60174,5339560000000,,601.0,740000000.0,3.0
5339570000000,60175,5339570000000,,601.0,750000000.0,3.0
5339580000000,60176,5339580000000,,601.0,760000000.0,3.0
5339590000000,60177,5339590000000,,601.0,770000000.0,3.0
5339600000000,60178,5339600000000,,601.0,780000000.0,3.0
5339610000000,60179,5339610000000,,601.0,790000000.0,3.0
5339620000000,60180,5339620000000,,601.0,800000000.0,3.0
5339630000000,60181,5339630000000,,601.0,810000000.0,3.0
5339640000000,60182,5339640000000,,601.0,820000000.0,3.0
5339650000000,60183,5339650000000,,601.0,830000000.0,3.0
5339660000000,60184,5339660000000,,601.0,840000000.0,3.0
5339670000000,60185,5339670000000,,601.0,850000000.0,3.0
5339680000000,60186,5339680000000,,601.0,860000000.0,3.0
5339690000000,60187,5339690000000,,601.0,870000000.0,3.0
5339700000000,60188,5339700000000,,601.0,880000000.0,3.0
5339710000000,60189,5339710000000,,601.0,890000000.0,3.0
5339720000000,60190,5339720000000,,601.0,900000000.0,3.0
5339730000000,60191,5339730000000,,601.0,910000000.0,3.0
5339740000000,60192,5339740000000,,601.0,920000000.0,3.0
5339750000000,60193,5339750000000,,601.0,930000000.0,3.0
5339760000000,60194,5339760000000,,601.0,940000000.0,3.0
5339770000000,60195,5339770000000,,601.0,950000000.0,3.0
5339780000000,60196,5339780000000,,601.0,960000000.0,3.0
5339790000000,60197,5339790000000,,601.0,970000000.0,3.0
5339830000000,60198,5339830000000,,601.0,980000000.0,3.0
5339840000000,60199,5339840000000,,601.0,990000000.0,3.0
5339850000000,60200,5339850000000,,602.0,0.0,3.0
5339860000000,60201,5339860000000,,602.0,10000000.0,3.0
5339870000000,60202,5339870000000,,602.0,20000000.0,3.0
5339880000000,60203,5339880000000,,602.0,30000000.0,3.0
5339890000000,60204,5339890000000,,602.0,40000000.0,3.0
5339900000000,60205,5339900000000,,602.0,50000000.0001,3.0
5339910000000,60206,5339910000000,,602.0,60000000.0,3.0
5339920000000,60207,5339920000000,,602.0,70000000.0,3.0
5339930000000,60208,5339930000000,,602.0,80000000.0,3.0
5339940000000,60209,5339940000000,,602.0,90000000.0,3.0
5339950000000,60210,5339950000000,,602.0,100000000.0,3.0
5339960000000,60211,5339960000000,,602.0,110000000.0,3.0
5339970000000,60212,5339970000000,,602.0,120000000.0,3.0
5339980000000,60213,5339980000000,,602.0,130000000.0,3.0
5339990000000,60214,5339990000000,,602.0,140000000.0,3.0
5340000000000,60215,5340000000000,,602.0,150000000.0,3.0
5340010000000,60216,5340010000000,,602.0,160000000.0,3.0
5340020000000,60217,5340020000000,,602.0,170000000.0,3.0
5340030000000,60218,5340030000000,,602.0,180000000.0,3.0
5340040000000,60219,5340040000000,,602.0,190000000.0,3.0
5340050000000,60220,5340050000000,,602.0,200000000.0,3.0
5340060000000,60221,5340060000000,,602.0,210000000.0,3.0
5340070000000,60222,5340070000000,,602.0,220000000.0,3.0
5340080000000,60223,5340080000000,,602.0,230000000.0,3.0
5340090000000,60224,5340090000000,,602.0,240000000.0,3.0
5340100000000,60225,5340100000000,,602.0,250000000.0,3.0
5340110000000,60226,5340110000000,,602.0,260000000.0,3.0
5340120000000,60227,5340120000000,,602.0,270000000.0,3.0
5340130000000,60228,5340130000000,,602.0,280000000.0,3.0
5340140000000,60229,5340140000000,,602.0,290000000.0,3.0
5340150000000,60230,5340150000000,,602.0,300000000.0,3.0
5340160000000,60231,5340160000000,,602.0,310000000.0,3.0
5340170000000,60232,5340170000000,,602.0,320000000.0,3.0
5340170000000,60233,5340170000000,,602.0,330000000.0,3.0
5340180000000,60234,5340180000000,,602.0,340000000.0,3.0
5340190000000,60235,5340190000000,,602.0,350000000.0,3.0
5340200000000,60236,5340200000000,,602.0,360000000.0,3.0
5340210000000,60237,5340210000000,,602.0,370000000.0,3.0
5340220000000,60238,5340220000000,,602.0,380000000.0,3.0
5340230000000,60239,5340230000000,,602.0,390000000.0,3.0
5340240000000,60240,5340240000000,,602.0,400000000.0,3.0
5340250000000,60241,5340250000000,,602.0,410000000.0,3.0
5340260000000,60242,5340260000000,,602.0,420000000.0,3.0
5340270000000,60243,5340270000000,,602.0,430000000.0,3.0
5340280000000,60244,5340280000000,,602.0,440000000.0,3.0
5340290000000,60245,5340290000000,,602.0,450000000.0,3.0
5340300000000,60246,5340300000000,,602.0,460000000.0,3.0
5340310000000,60247,5340310000000,,602.0,470000000.0,3.0
5340320000000,60248,5340320000000,,602.0,480000000.0,3.0
5340330000000,60249,5340330000000,,602.0,490000000.0,3.0
5340360000000,60250,5340360000000,,602.0,500000000.0,3.0
5340370000000,60251,5340370000000,,602.0,510000000.0,3.0
5340380000000,60252,5340380000000,,602.0,520000000.0,3.0
5340390000000,60253,5340390000000,,602.0,530000000.0,3.0
5340400000000,60254,5340400000000,,602.0,540000000.0,3.0
5340410000000,60255,5340410000000,,602.0,550000000.0,3.0
5340420000000,60256,5340420000000,,602.0,560000000.0,3.0
5340430000000,60257,5340430000000,,602.0,570000000.0,3.0
5340440000000,60258,5340440000000,,602.0,580000000.0,3.0
5340450000000,60259,5340450000000,,602.0,590000000.0,3.0
5340460000000,60260,5340460000000,,602.0,600000000.0,3.0
5340470000000,60261,5340470000000,,602.0,610000000.0,3.0
5340480000000,60262,5340480000000,,602.0,620000000.0,3.0
5340490000000,60263,5340490000000,,602.0,630000000.0,3.0
5340500000000,60264,5340500000000,,602.0,640000000.0,3.0
5340510000000,60265,5340510000000,,602.0,650000000.0,3.0
5340520000000,60266,5340520000000,,602.0,660000000.0,3.0
5340530000000,60267,5340530000000,,602.0,670000000.0,3.0
5340540000000,60268,5340540000000,,602.0,680000000.0,3.0
5340550000000,60269,5340550000000,,602.0,690000000.0,3.0
5340560000000,60270,5340560000000,,602.0,700000000.0,3.0
5340570000000,60271,5340570000000,,602.0,710000000.0,3.0
5340580000000,60272,5340580000000,,602.0,720000000.0,3.0
5340590000000,60273,5340590000000,,602.0,730000000.0,3.0
5340600000000,60274,5340600000000,,602.0,740000000.0,3.0
5340610000000,60275,5340610000000,,602.0,750000000.0,3.0
5340630000000,60276,5340630000000,,602.0,760000000.0,3.0
5340630000000,60277,5340630000000,,602.0,770000000.0,3.0
5340640000000,60278,5340640000000,,602.0,780000000.0,3.0
5340650000000,60279,5340650000000,,602.0,790000000.0,3.0
5340660000000,60280,5340660000000,,602.0,800000000.0,3.0
5340670000000,60281,5340670000000,,602.0,810000000.0,3.0
5340680000000,60282,5340680000000,,602.0,820000000.0,3.0
5340690000000,60283,5340690000000,,602.0,830000000.0,3.0
5340700000000,60284,5340700000000,,602.0,840000000.0,3.0
5340710000000,60285,5340710000000,,602.0,850000000.0,3.0
5340720000000,60286,5340720000000,,602.0,860000000.0,3.0
5340730000000,60287,5340730000000,,602.0,870000000.0,3.0
5340740000000,60288,5340740000000,,602.0,880000000.0,3.0
5340750000000,60289,5340750000000,,602.0,890000000.0,3.0
5340760000000,60290,5340760000000,,602.0,900000000.0,3.0
5340770000000,60291,5340770000000,,602.0,910000000.0,3.0
5340780000000,60292,5340780000000,,602.0,920000000.0,3.0
5340790000000,60293,5340790000000,,602.0,930000000.0,3.0
5340800000000,60294,5340800000000,,602.0,940000000.0,3.0
5340810000000,60295,5340810000000,,602.0,950000000.0,3.0
5340820000000,60296,5340820000000,,602.0,960000000.0,3.0
5340830000000,60297,5340830000000,,602.0,970000000.0,3.0
5340840000000,60298,5340840000000,,602.0,980000000.0,3.0
5340850000000,60299,5340850000000,,602.0,990000000.0,3.0
5340860000000,60300,5340860000000,,603.0,0.0,3.0
5340870000000,60301,5340870000000,,603.0,10000000.0,3.0
5340920000000,60302,5340920000000,,603.0,20000000.0,3.0
5340920000000,60303,5340920000000,,603.0,30000000.0,3.0
5340930000000,60304,5340930000000,,603.0,40000000.0,3.0
5340940000000,60305,5340940000000,,603.0,50000000.0001,3.0
5340950000000,60306,5340950000000,,603.0,60000000.0,3.0
5340960000000,60307,5340960000000,,603.0,70000000.0,3.0
5340970000000,60308,5340970000000,,603.0,80000000.0,3.0
5340980000000,60309,5340980000000,,603.0,90000000.0,3.0
5340990000000,60310,5340990000000,,603.0,100000000.0,3.0
5341000000000,60311,5341000000000,,603.0,110000000.0,3.0
5341010000000,60312,5341010000000,,603.0,120000000.0,3.0
5341020000000,60313,5341020000000,,603.0,130000000.0,3.0
5341030000000,60314,5341030000000,,603.0,140000000.0,3.0
5341040000000,60315,5341040000000,,603.0,150000000.0,3.0
5341050000000,60316,5341050000000,,603.0,160000000.0,3.0
5341060000000,60317,5341060000000,,603.0,170000000.0,3.0
5341070000000,60318,5341070000000,,603.0,180000000.0,3.0
5341080000000,60319,5341080000000,,603.0,190000000.0,3.0
5341090000000,60320,5341090000000,,603.0,200000000.0,3.0
5341100000000,60321,5341100000000,,603.0,210000000.0,3.0
5341110000000,60322,5341110000000,,603.0,220000000.0,3.0
5341120000000,60323,5341120000000,,603.0,230000000.0,3.0
5341130000000,60324,5341130000000,,603.0,240000000.0,3.0
5341140000000,60325,5341140000000,,603.0,250000000.0,3.0
5341150000000,60326,5341150000000,,603.0,260000000.0,3.0
5341160000000,60327,5341160000000,,603.0,270000000.0,3.0
5341180000000,60328,5341180000000,,603.0,280000000.0,3.0
5341180000000,60329,5341180000000,,603.0,290000000.0,3.0
5341190000000,60330,5341190000000,,603.0,300000000.0,3.0
5341200000000,60331,5341200000000,,603.0,310000000.0,3.0
5341210000000,60332,5341210000000,,603.0,320000000.0,3.0
5341220000000,60333,5341220000000,,603.0,330000000.0,3.0
5341230000000,60334,5341230000000,,603.0,340000000.0,3.0
5341240000000,60335,5341240000000,,603.0,350000000.0,3.0
5341250000000,60336,5341250000000,,603.0,360000000.0,3.0
5341260000000,60337,5341260000000,,603.0,370000000.0,3.0
5341270000000,60338,5341270000000,,603.0,380000000.0,3.0
5341280000000,60339,5341280000000,,603.0,390000000.0,3.0
5341290000000,60340,5341290000000,,603.0,400000000.0,3.0
5341300000000,60341,5341300000000,,603.0,410000000.0,3.0
5341310000000,60342,5341310000000,,603.0,420000000.0,3.0
5341320000000,60343,5341320000000,,603.0,430000000.0,3.0
5341330000000,60344,5341330000000,,603.0,440000000.0,3.0
5341340000000,60345,5341340000000,,603.0,450000000.0,3.0
5341350000000,60346,5341350000000,,603.0,460000000.0,3.0
5341360000000,60347,5341360000000,,603.0,470000000.0,3.0
5341370000000,60348,5341370000000,,603.0,480000000.0,3.0
5341380000000,60349,5341380000000,,603.0,490000000.0,3.0
5341390000000,60350,5341390000000,,603.0,500000000.0,3.0
5341400000000,60351,5341400000000,,603.0,510000000.0,3.0
5341410000000,60352,5341410000000,,603.0,520000000.0,3.0
5341420000000,60353,5341420000000,,603.0,530000000.0,3.0
5341450000000,60354,5341450000000,,603.0,540000000.0,3.0
5341460000000,60355,5341460000000,,603.0,550000000.0,3.0
5341470000000,60356,5341470000000,,603.0,560000000.0,3.0
5341480000000,60357,5341480000000,,603.0,570000000.0,3.0
5341490000000,60358,5341490000000,,603.0,580000000.0,3.0
5341500000000,60359,5341500000000,,603.0,590000000.0,3.0
5341510000000,60360,5341510000000,,603.0,600000000.0,3.0
5341520000000,60361,5341520000000,,603.0,610000000.0,3.0
5341530000000,60362,5341530000000,,603.0,620000000.0,3.0
5341540000000,60363,5341540000000,,603.0,630000000.0,3.0
5341550000000,60364,5341550000000,,603.0,640000000.0,3.0
5341560000000,60365,5341560000000,,603.0,650000000.0,3.0
5341570000000,60366,5341570000000,,603.0,660000000.0,3.0
5341580000000,60367,5341580000000,,603.0,670000000.0,3.0
5341590000000,60368,5341590000000,,603.0,680000000.0,3.0
5341600000000,60369,5341600000000,,603.0,690000000.0,3.0
5341610000000,60370,5341610000000,,603.0,700000000.0,3.0
5341620000000,60371,5341620000000,,603.0,710000000.0,3.0
5341630000000,60372,5341630000000,,603.0,720000000.0,3.0
5341640000000,60373,5341640000000,,603.0,730000000.0,3.0
5341650000000,60374,5341650000000,,603.0,740000000.0,3.0
5341660000000,60375,5341660000000,,603.0,750000000.0,3.0
5341670000000,60376,5341670000000,,603.0,760000000.0,3.0
5341680000000,60377,5341680000000,,603.0,770000000.0,3.0
5341690000000,60378,5341690000000,,603.0,780000000.0,3.0
5341700000000,60379,5341700000000,,603.0,790000000.0,3.0
5341710000000,60380,5341710000000,,603.0,800000000.0,3.0
5341720000000,60381,5341720000000,,603.0,810000000.0,3.0
5341730000000,60382,5341730000000,,603.0,820000000.0,3.0
5341740000000,60383,5341740000000,,603.0,830000000.0,3.0
5341750000000,60384,5341750000000,,603.0,840000000.0,3.0
5341760000000,60385,5341760000000,,603.0,850000000.0,3.0
5341770000000,60386,5341770000000,,603.0,860000000.0,3.0
5341780000000,60387,5341780000000,,603.0,870000000.0,3.0
5341790000000,60388,5341790000000,,603.0,880000000.0,3.0
5341800000000,60389,5341800000000,,603.0,890000000.0,3.0
5341810000000,60390,5341810000000,,603.0,900000000.0,3.0
5341820000000,60391,5341820000000,,603.0,910000000.0,3.0
5341830000000,60392,5341830000000,,603.0,920000000.0,3.0
5341840000000,60393,5341840000000,,603.0,930000000.0,3.0
5341850000000,60394,5341850000000,,603.0,940000000.0,3.0
5341860000000,60395,5341860000000,,603.0,950000000.0,3.0
5341870000000,60396,5341870000000,,603.0,960000000.0,3.0
5341880000000,60397,5341880000000,,603.0,970000000.0,3.0
5341890000000,60398,5341890000000,,603.0,980000000.0,3.0
5341900000000,60399,5341900000000,,603.0,990000000.0,3.0
5341910000000,60400,5341910000000,,604.0,0.0,3.0
5341920000000,60401,5341920000000,,604.0,10000000.0,3.0
5341930000000,60402,5341930000000,,604.0,20000000.0,3.0
5341940000000,60403,5341940000000,,604.0,30000000.0,3.0
5341950000000,60404,5341950000000,,604.0,40000000.0,3.0
5341960000000,60405,5341960000000,,604.0,50000000.0001,3.0
5342000000000,60406,5342000000000,,604.0,60000000.0,3.0
5342000000000,60407,5342000000000,,604.0,70000000.0,3.0
5342010000000,60408,5342010000000,,604.0,80000000.0,3.0
5342020000000,60409,5342020000000,,604.0,90000000.0,3.0
5342030000000,60410,5342030000000,,604.0,100000000.0,3.0
5342040000000,60411,5342040000000,,604.0,110000000.0,3.0
5342050000000,60412,5342050000000,,604.0,120000000.0,3.0
5342060000000,60413,5342060000000,,604.0,130000000.0,3.0
5342070000000,60414,5342070000000,,604.0,140000000.0,3.0
5342080000000,60415,5342080000000,,604.0,150000000.0,3.0
5342090000000,60416,5342090000000,,604.0,160000000.0,3.0
5342100000000,60417,5342100000000,,604.0,170000000.0,3.0
5342110000000,60418,5342110000000,,604.0,180000000.0,3.0
5342120000000,60419,5342120000000,,604.0,190000000.0,3.0
5342130000000,60420,5342130000000,,604.0,200000000.0,3.0
5342140000000,60421,5342140000000,,604.0,210000000.0,3.0
5342150000000,60422,5342150000000,,604.0,220000000.0,3.0
5342160000000,60423,5342160000000,,604.0,230000000.0,3.0
5342170000000,60424,5342170000000,,604.0,240000000.0,3.0
5342180000000,60425,5342180000000,,604.0,250000000.0,3.0
5342190000000,60426,5342190000000,,604.0,260000000.0,3.0
5342200000000,60427,5342200000000,,604.0,270000000.0,3.0
5342210000000,60428,5342210000000,,604.0,280000000.0,3.0
5342220000000,60429,5342220000000,,604.0,290000000.0,3.0
5342230000000,60430,5342230000000,,604.0,300000000.0,3.0
5342240000000,60431,5342240000000,,604.0,310000000.0,3.0
5342260000000,60432,5342260000000,,604.0,320000000.0,3.0
5342260000000,60433,5342260000000,,604.0,330000000.0,3.0
5342270000000,60434,5342270000000,,604.0,340000000.0,3.0
5342280000000,60435,5342280000000,,604.0,350000000.0,3.0
5342290000000,60436,5342290000000,,604.0,360000000.0,3.0
5342300000000,60437,5342300000000,,604.0,370000000.0,3.0
5342310000000,60438,5342310000000,,604.0,380000000.0,3.0
5342320000000,60439,5342320000000,,604.0,390000000.0,3.0
5342330000000,60440,5342330000000,,604.0,400000000.0,3.0
5342340000000,60441,5342340000000,,604.0,410000000.0,3.0
5342350000000,60442,5342350000000,,604.0,420000000.0,3.0
5342360000000,60443,5342360000000,,604.0,430000000.0,3.0
5342370000000,60444,5342370000000,,604.0,440000000.0,3.0
5342380000000,60445,5342380000000,,604.0,450000000.0,3.0
5342390000000,60446,5342390000000,,604.0,460000000.0,3.0
5342400000000,60447,5342400000000,,604.0,470000000.0,3.0
5342410000000,60448,5342410000000,,604.0,480000000.0,3.0
5342420000000,60449,5342420000000,,604.0,490000000.0,3.0
5342430000000,60450,5342430000000,,604.0,500000000.0,3.0
5342440000000,60451,5342440000000,,604.0,510000000.0,3.0
5342450000000,60452,5342450000000,,604.0,520000000.0,3.0
5342460000000,60453,5342460000000,,604.0,530000000.0,3.0
5342470000000,60454,5342470000000,,604.0,540000000.0,3.0
5342480000000,60455,5342480000000,,604.0,550000000.0,3.0
5342490000000,60456,5342490000000,,604.0,560000000.0,3.0
5342500000000,60457,5342500000000,,604.0,570000000.0,3.0
5342530000000,60458,5342530000000,,604.0,580000000.0,3.0
5342540000000,60459,5342540000000,,604.0,590000000.0,3.0
5342550000000,60460,5342550000000,,604.0,600000000.0,3.0
5342560000000,60461,5342560000000,,604.0,610000000.0,3.0
5342570000000,60462,5342570000000,,604.0,620000000.0,3.0
5342580000000,60463,5342580000000,,604.0,630000000.0,3.0
5342590000000,60464,5342590000000,,604.0,640000000.0,3.0
5342600000000,60465,5342600000000,,604.0,650000000.0,3.0
5342610000000,60466,5342610000000,,604.0,660000000.0,3.0
5342620000000,60467,5342620000000,,604.0,670000000.0,3.0
5342630000000,60468,5342630000000,,604.0,680000000.0,3.0
5342640000000,60469,5342640000000,,604.0,690000000.0,3.0
5342650000000,60470,5342650000000,,604.0,700000000.0,3.0
5342660000000,60471,5342660000000,,604.0,710000000.0,3.0
5342670000000,60472,5342670000000,,604.0,720000000.0,3.0
5342680000000,60473,5342680000000,,604.0,730000000.0,3.0
5342690000000,60474,5342690000000,,604.0,740000000.0,3.0
5342700000000,60475,5342700000000,,604.0,750000000.0,3.0
5342710000000,60476,5342710000000,,604.0,760000000.0,3.0
5342720000000,60477,5342720000000,,604.0,770000000.0,3.0
5342730000000,60478,5342730000000,,604.0,780000000.0,3.0
5342740000000,60479,5342740000000,,604.0,790000000.0,3.0
5342750000000,60480,5342750000000,,604.0,800000000.0,3.0
5342760000000,60481,5342760000000,,604.0,810000000.0,3.0
5342770000000,60482,5342770000000,,604.0,820000000.0,3.0
5342780000000,60483,5342780000000,,604.0,830000000.0,3.0
5342790000000,60484,5342790000000,,604.0,840000000.0,3.0
5342800000000,60485,5342800000000,,604.0,850000000.0,3.0
5342810000000,60486,5342810000000,,604.0,860000000.0,3.0
5342820000000,60487,5342820000000,,604.0,870000000.0,3.0
5342830000000,60488,5342830000000,,604.0,880000000.0,3.0
5342840000000,60489,5342840000000,,604.0,890000000.0,3.0
5342850000000,60490,5342850000000,,604.0,900000000.0,3.0
5342860000000,60491,5342860000000,,604.0,910000000.0,3.0
5342870000000,60492,5342870000000,,604.0,920000000.0,3.0
5342880000000,60493,5342880000000,,604.0,930000000.0,3.0
5342890000000,60494,5342890000000,,604.0,940000000.0,3.0
5342900000000,60495,5342900000000,,604.0,950000000.0,3.0
5342910000000,60496,5342910000000,,604.0,960000000.0,3.0
5342920000000,60497,5342920000000,,604.0,970000000.0,3.0
5342930000000,60498,5342930000000,,604.0,980000000.0,3.0
5342940000000,60499,5342940000000,,604.0,990000000.0,3.0
5342950000000,60500,5342950000000,,605.0,0.0,3.0
5342960000000,60501,5342960000000,,605.0,10000000.0,3.0
5342970000000,60502,5342970000000,,605.0,20000000.0,3.0
5342980000000,60503,5342980000000,,605.0,30000000.0,3.0
5342990000000,60504,5342990000000,,605.0,40000000.0,3.0
5343000000000,60505,5343000000000,,605.0,50000000.0001,3.0
5343010000000,60506,5343010000000,,605.0,60000000.0,3.0
5343020000000,60507,5343020000000,,605.0,70000000.0,3.0
5343030000000,60508,5343030000000,,605.0,80000000.0,3.0
5343040000000,60509,5343040000000,,605.0,90000000.0,3.0
5343070000000,60510,5343070000000,,605.0,100000000.0,3.0
5343080000000,60511,5343080000000,,605.0,110000000.0,3.0
5343090000000,60512,5343090000000,,605.0,120000000.0,3.0
5343100000000,60513,5343100000000,,605.0,130000000.0,3.0
5343110000000,60514,5343110000000,,605.0,140000000.0,3.0
5343120000000,60515,5343120000000,,605.0,150000000.0,3.0
5343130000000,60516,5343130000000,,605.0,160000000.0,3.0
5343140000000,60517,5343140000000,,605.0,170000000.0,3.0
5343150000000,60518,5343150000000,,605.0,180000000.0,3.0
5343160000000,60519,5343160000000,,605.0,190000000.0,3.0
5343170000000,60520,5343170000000,,605.0,200000000.0,3.0
5343180000000,60521,5343180000000,,605.0,210000000.0,3.0
5343190000000,60522,5343190000000,,605.0,220000000.0,3.0
5343200000000,60523,5343200000000,,605.0,230000000.0,3.0
5343210000000,60524,5343210000000,,605.0,240000000.0,3.0
5343220000000,60525,5343220000000,,605.0,250000000.0,3.0
5343230000000,60526,5343230000000,,605.0,260000000.0,3.0
5343240000000,60527,5343240000000,,605.0,270000000.0,3.0
5343250000000,60528,5343250000000,,605.0,280000000.0,3.0
5343260000000,60529,5343260000000,,605.0,290000000.0,3.0
5343270000000,60530,5343270000000,,605.0,300000000.0,3.0
5343280000000,60531,5343280000000,,605.0,310000000.0,3.0
5343290000000,60532,5343290000000,,605.0,320000000.0,3.0
5343300000000,60533,5343300000000,,605.0,330000000.0,3.0
5343310000000,60534,5343310000000,,605.0,340000000.0,3.0
5343320000000,60535,5343320000000,,605.0,350000000.0,3.0
5343330000000,60536,5343330000000,,605.0,360000000.0,3.0
5343340000000,60537,5343340000000,,605.0,370000000.0,3.0
5343350000000,60538,5343350000000,,605.0,380000000.0,3.0
5343360000000,60539,5343360000000,,605.0,390000000.0,3.0
5343370000000,60540,5343370000000,,605.0,400000000.0,3.0
5343380000000,60541,5343380000000,,605.0,410000000.0,3.0
5343390000000,60542,5343390000000,,605.0,420000000.0,3.0
5343400000000,60543,5343400000000,,605.0,430000000.0,3.0
5343410000000,60544,5343410000000,,605.0,440000000.0,3.0
5343420000000,60545,5343420000000,,605.0,450000000.0,3.0
5343430000000,60546,5343430000000,,605.0,460000000.0,3.0
5343440000000,60547,5343440000000,,605.0,470000000.0,3.0
5343450000000,60548,5343450000000,,605.0,480000000.0,3.0
5343460000000,60549,5343460000000,,605.0,490000000.0,3.0
5343470000000,60550,5343470000000,,605.0,500000000.0,3.0
5343480000000,60551,5343480000000,,605.0,510000000.0,3.0
5343490000000,60552,5343490000000,,605.0,520000000.0,3.0
5343500000000,60553,5343500000000,,605.0,530000000.0,3.0
5343510000000,60554,5343510000000,,605.0,540000000.0,3.0
5343520000000,60555,5343520000000,,605.0,550000000.0,3.0
5343530000000,60556,5343530000000,,605.0,560000000.0,3.0
5343540000000,60557,5343540000000,,605.0,570000000.0,3.0
5343550000000,60558,5343550000000,,605.0,580000000.0,3.0
5343560000000,60559,5343560000000,,605.0,590000000.0,3.0
5343570000000,60560,5343570000000,,605.0,600000000.0,3.0
5343580000000,60561,5343580000000,,605.0,610000000.0,3.0
5343610000000,60562,5343610000000,,605.0,620000000.0,3.0
5343610000000,60563,5343610000000,,605.0,630000000.0,3.0
5343620000000,60564,5343620000000,,605.0,640000000.0,3.0
5343630000000,60565,5343630000000,,605.0,650000000.0,3.0
5343640000000,60566,5343640000000,,605.0,660000000.0,3.0
5343650000000,60567,5343650000000,,605.0,670000000.0,3.0
5343660000000,60568,5343660000000,,605.0,680000000.0,3.0
5343670000000,60569,5343670000000,,605.0,690000000.0,3.0
5343680000000,60570,5343680000000,,605.0,700000000.0,3.0
5343690000000,60571,5343690000000,,605.0,710000000.0,3.0
5343700000000,60572,5343700000000,,605.0,720000000.0,3.0
5343710000000,60573,5343710000000,,605.0,730000000.0,3.0
5343720000000,60574,5343720000000,,605.0,740000000.0,3.0
5343730000000,60575,5343730000000,,605.0,750000000.0,3.0
5343740000000,60576,5343740000000,,605.0,760000000.0,3.0
5343750000000,60577,5343750000000,,605.0,770000000.0,3.0
5343760000000,60578,5343760000000,,605.0,780000000.0,3.0
5343770000000,60579,5343770000000,,605.0,790000000.0,3.0
5343780000000,60580,5343780000000,,605.0,800000000.0,3.0
5343800000000,60581,5343800000000,,605.0,810000000.0,3.0
5343810000000,60582,5343810000000,,605.0,820000000.0,3.0
5343820000000,60583,5343820000000,,605.0,830000000.0,3.0
5343830000000,60584,5343830000000,,605.0,840000000.0,3.0
5343830000000,60585,5343830000000,,605.0,850000000.0,3.0
5343840000000,60586,5343840000000,,605.0,860000000.0,3.0
5343850000000,60587,5343850000000,,605.0,870000000.0,3.0
5343870000000,60588,5343870000000,,605.0,880000000.0,3.0
5343880000000,60589,5343880000000,,605.0,890000000.0,3.0
5343890000000,60590,5343890000000,,605.0,900000000.0,3.0
5343900000000,60591,5343900000000,,605.0,910000000.0,3.0
5343910000000,60592,5343910000000,,605.0,920000000.0,3.0
5343920000000,60593,5343920000000,,605.0,930000000.0,3.0
5343930000000,60594,5343930000000,,605.0,940000000.0,3.0
5343930000000,60595,5343930000000,,605.0,950000000.0,3.0
5343940000000,60596,5343940000000,,605.0,960000000.0,3.0
5343950000000,60597,5343950000000,,605.0,970000000.0,3.0
5343960000000,60598,5343960000000,,605.0,980000000.0,3.0
5343970000000,60599,5343970000000,,605.0,990000000.0,3.0
5343980000000,60600,5343980000000,,606.0,0.0,3.0
5343990000000,60601,5343990000000,,606.0,10000000.0,3.0
5344000000000,60602,5344000000000,,606.0,20000000.0,3.0
5344010000000,60603,5344010000000,,606.0,30000000.0,3.0
5344020000000,60604,5344020000000,,606.0,40000000.0,3.0
5344030000000,60605,5344030000000,,606.0,50000000.0001,3.0
5344040000000,60606,5344040000000,,606.0,60000000.0,3.0
5344050000000,60607,5344050000000,,606.0,70000000.0,3.0
5344060000000,60608,5344060000000,,606.0,80000000.0,3.0
5344070000000,60609,5344070000000,,606.0,90000000.0,3.0
5344080000000,60610,5344080000000,,606.0,100000000.0,3.0
5344090000000,60611,5344090000000,,606.0,110000000.0,3.0
5344100000000,60612,5344100000000,,606.0,120000000.0,3.0
5344110000000,60613,5344110000000,,606.0,130000000.0,3.0
5344150000000,60614,5344150000000,,606.0,140000000.0,3.0
5344150000000,60615,5344150000000,,606.0,150000000.0,3.0
5344160000000,60616,5344160000000,,606.0,160000000.0,3.0
5344170000000,60617,5344170000000,,606.0,170000000.0,3.0
5344180000000,60618,5344180000000,,606.0,180000000.0,3.0
5344190000000,60619,5344190000000,,606.0,190000000.0,3.0
5344200000000,60620,5344200000000,,606.0,200000000.0,3.0
5344210000000,60621,5344210000000,,606.0,210000000.0,3.0
5344220000000,60622,5344220000000,,606.0,220000000.0,3.0
5344230000000,60623,5344230000000,,606.0,230000000.0,3.0
5344240000000,60624,5344240000000,,606.0,240000000.0,3.0
5344250000000,60625,5344250000000,,606.0,250000000.0,3.0
5344260000000,60626,5344260000000,,606.0,260000000.0,3.0
5344270000000,60627,5344270000000,,606.0,270000000.0,3.0
5344280000000,60628,5344280000000,,606.0,280000000.0,3.0
5344290000000,60629,5344290000000,,606.0,290000000.0,3.0
5344300000000,60630,5344300000000,,606.0,300000000.0,3.0
5344310000000,60631,5344310000000,,606.0,310000000.0,3.0
5344320000000,60632,5344320000000,,606.0,320000000.0,3.0
5344330000000,60633,5344330000000,,606.0,330000000.0,3.0
5344340000000,60634,5344340000000,,606.0,340000000.0,3.0
5344350000000,60635,5344350000000,,606.0,350000000.0,3.0
5344360000000,60636,5344360000000,,606.0,360000000.0,3.0
5344370000000,60637,5344370000000,,606.0,370000000.0,3.0
5344380000000,60638,5344380000000,,606.0,380000000.0,3.0
5344390000000,60639,5344390000000,,606.0,390000000.0,3.0
5344410000000,60640,5344410000000,,606.0,400000000.0,3.0
5344410000000,60641,5344410000000,,606.0,410000000.0,3.0
5344420000000,60642,5344420000000,,606.0,420000000.0,3.0
5344430000000,60643,5344430000000,,606.0,430000000.0,3.0
5344440000000,60644,5344440000000,,606.0,440000000.0,3.0
5344450000000,60645,5344450000000,,606.0,450000000.0,3.0
5344460000000,60646,5344460000000,,606.0,460000000.0,3.0
5344470000000,60647,5344470000000,,606.0,470000000.0,3.0
5344480000000,60648,5344480000000,,606.0,480000000.0,3.0
5344490000000,60649,5344490000000,,606.0,490000000.0,3.0
5344500000000,60650,5344500000000,,606.0,500000000.0,3.0
5344510000000,60651,5344510000000,,606.0,510000000.0,3.0
5344520000000,60652,5344520000000,,606.0,520000000.0,3.0
5344530000000,60653,5344530000000,,606.0,530000000.0,3.0
5344550000000,60654,5344550000000,,606.0,540000000.0,3.0
5344560000000,60655,5344560000000,,606.0,550000000.0,3.0
5344570000000,60656,5344570000000,,606.0,560000000.0,3.0
5344580000000,60657,5344580000000,,606.0,570000000.0,3.0
5344590000000,60658,5344590000000,,606.0,580000000.0,3.0
5344600000000,60659,5344600000000,,606.0,590000000.0,3.0
5344610000000,60660,5344610000000,,606.0,600000000.0,3.0
5344620000000,60661,5344620000000,,606.0,610000000.0,3.0
5344630000000,60662,5344630000000,,606.0,620000000.0,3.0
5344640000000,60663,5344640000000,,606.0,630000000.0,3.0
5344650000000,60664,5344650000000,,606.0,640000000.0,3.0
5344660000000,60665,5344660000000,,606.0,650000000.0,3.0
5344690000000,60666,5344690000000,,606.0,660000000.0,3.0
5344690000000,60667,5344690000000,,606.0,670000000.0,3.0
5344700000000,60668,5344700000000,,606.0,680000000.0,3.0
5344710000000,60669,5344710000000,,606.0,690000000.0,3.0
5344720000000,60670,5344720000000,,606.0,700000000.0,3.0
5344730000000,60671,5344730000000,,606.0,710000000.0,3.0
5344740000000,60672,5344740000000,,606.0,720000000.0,3.0
5344750000000,60673,5344750000000,,606.0,730000000.0,3.0
5344760000000,60674,5344760000000,,606.0,740000000.0,3.0
5344770000000,60675,5344770000000,,606.0,750000000.0,3.0
5344780000000,60676,5344780000000,,606.0,760000000.0,3.0
5344790000000,60677,5344790000000,,606.0,770000000.0,3.0
5344800000000,60678,5344800000000,,606.0,780000000.0,3.0
5344810000000,60679,5344810000000,,606.0,790000000.0,3.0
5344820000000,60680,5344820000000,,606.0,800000000.0,3.0
5344830000000,60681,5344830000000,,606.0,810000000.0,3.0
5344840000000,60682,5344840000000,,606.0,820000000.0,3.0
5344850000000,60683,5344850000000,,606.0,830000000.0,3.0
5344860000000,60684,5344860000000,,606.0,840000000.0,3.0
5344870000000,60685,5344870000000,,606.0,850000000.0,3.0
5344880000000,60686,5344880000000,,606.0,860000000.0,3.0
5344890000000,60687,5344890000000,,606.0,870000000.0,3.0
5344900000000,60688,5344900000000,,606.0,880000000.0,3.0
5344910000000,60689,5344910000000,,606.0,890000000.0,3.0
5344920000000,60690,5344920000000,,606.0,900000000.0,3.0
5344930000000,60691,5344930000000,,606.0,910000000.0,3.0
5344950000000,60692,5344950000000,,606.0,920000000.0,3.0
5344950000000,60693,5344950000000,,606.0,930000000.0,3.0
5344960000000,60694,5344960000000,,606.0,940000000.0,3.0
5344970000000,60695,5344970000000,,606.0,950000000.0,3.0
5344980000000,60696,5344980000000,,606.0,960000000.0,3.0
5345000000000,60697,5345000000000,,606.0,970000000.0,3.0
5345000000000,60698,5345000000000,,606.0,980000000.0,3.0
5345010000000,60699,5345010000000,,606.0,990000000.0,3.0
5345020000000,60700,5345020000000,,607.0,0.0,3.0
5345030000000,60701,5345030000000,,607.0,10000000.0,3.0
5345040000000,60702,5345040000000,,607.0,20000000.0,3.0
5345050000000,60703,5345050000000,,607.0,30000000.0,3.0
5345060000000,60704,5345060000000,,607.0,40000000.0,3.0
5345070000000,60705,5345070000000,,607.0,50000000.0001,3.0
5345080000000,60706,5345080000000,,607.0,60000000.0,3.0
5345090000000,60707,5345090000000,,607.0,70000000.0,3.0
5345100000000,60708,5345100000000,,607.0,80000000.0,3.0
5345110000000,60709,5345110000000,,607.0,90000000.0,3.0
5345120000000,60710,5345120000000,,607.0,100000000.0,3.0
5345130000000,60711,5345130000000,,607.0,110000000.0,3.0
5345140000000,60712,5345140000000,,607.0,120000000.0,3.0
5345150000000,60713,5345150000000,,607.0,130000000.0,3.0
5345160000000,60714,5345160000000,,607.0,140000000.0,3.0
5345170000000,60715,5345170000000,,607.0,150000000.0,3.0
5345180000000,60716,5345180000000,,607.0,160000000.0,3.0
5345190000000,60717,5345190000000,,607.0,170000000.0,3.0
5345230000000,60718,5345230000000,,607.0,180000000.0,3.0
5345240000000,60719,5345240000000,,607.0,190000000.0,3.0
5345250000000,60720,5345250000000,,607.0,200000000.0,3.0
5345260000000,60721,5345260000000,,607.0,210000000.0,3.0
5345270000000,60722,5345270000000,,607.0,220000000.0,3.0
5345280000000,60723,5345280000000,,607.0,230000000.0,3.0
5345290000000,60724,5345290000000,,607.0,240000000.0,3.0
5345300000000,60725,5345300000000,,607.0,250000000.0,3.0
5345310000000,60726,5345310000000,,607.0,260000000.0,3.0
5345320000000,60727,5345320000000,,607.0,270000000.0,3.0
5345330000000,60728,5345330000000,,607.0,280000000.0,3.0
5345340000000,60729,5345340000000,,607.0,290000000.0,3.0
5345350000000,60730,5345350000000,,607.0,300000000.0,3.0
5345360000000,60731,5345360000000,,607.0,310000000.0,3.0
5345370000000,60732,5345370000000,,607.0,320000000.0,3.0
5345380000000,60733,5345380000000,,607.0,330000000.0,3.0
5345390000000,60734,5345390000000,,607.0,340000000.0,3.0
5345400000000,60735,5345400000000,,607.0,350000000.0,3.0
5345410000000,60736,5345410000000,,607.0,360000000.0,3.0
5345420000000,60737,5345420000000,,607.0,370000000.0,3.0
5345430000000,60738,5345430000000,,607.0,380000000.0,3.0
5345440000000,60739,5345440000000,,607.0,390000000.0,3.0
5345450000000,60740,5345450000000,,607.0,400000000.0,3.0
5345460000000,60741,5345460000000,,607.0,410000000.0,3.0
5345470000000,60742,5345470000000,,607.0,420000000.0,3.0
5345480000000,60743,5345480000000,,607.0,430000000.0,3.0
5345490000000,60744,5345490000000,,607.0,440000000.0,3.0
5345500000000,60745,5345500000000,,607.0,450000000.0,3.0
5345510000000,60746,5345510000000,,607.0,460000000.0,3.0
5345520000000,60747,5345520000000,,607.0,470000000.0,3.0
5345530000000,60748,5345530000000,,607.0,480000000.0,3.0
5345540000000,60749,5345540000000,,607.0,490000000.0,3.0
5345550000000,60750,5345550000000,,607.0,500000000.0,3.0
5345560000000,60751,5345560000000,,607.0,510000000.0,3.0
5345570000000,60752,5345570000000,,607.0,520000000.0,3.0
5345580000000,60753,5345580000000,,607.0,530000000.0,3.0
5345590000000,60754,5345590000000,,607.0,540000000.0,3.0
5345600000000,60755,5345600000000,,607.0,550000000.0,3.0
5345610000000,60756,5345610000000,,607.0,560000000.0,3.0
5345620000000,60757,5345620000000,,607.0,570000000.0,3.0
5345630000000,60758,5345630000000,,607.0,580000000.0,3.0
5345640000000,60759,5345640000000,,607.0,590000000.0,3.0
5345650000000,60760,5345650000000,,607.0,600000000.0,3.0
5345660000000,60761,5345660000000,,607.0,610000000.0,3.0
5345670000000,60762,5345670000000,,607.0,620000000.0,3.0
5345680000000,60763,5345680000000,,607.0,630000000.0,3.0
5345690000000,60764,5345690000000,,607.0,640000000.0,3.0
5345700000000,60765,5345700000000,,607.0,650000000.0,3.0
5345710000000,60766,5345710000000,,607.0,660000000.0,3.0
5345720000000,60767,5345720000000,,607.0,670000000.0,3.0
5345730000000,60768,5345730000000,,607.0,680000000.0,3.0
5345740000000,60769,5345740000000,,607.0,690000000.0,3.0
5345770000000,60770,5345770000000,,607.0,700000000.0,3.0
5345780000000,60771,5345780000000,,607.0,710000000.0,3.0
5345790000000,60772,5345790000000,,607.0,720000000.0,3.0
5345800000000,60773,5345800000000,,607.0,730000000.0,3.0
5345810000000,60774,5345810000000,,607.0,740000000.0,3.0
5345820000000,60775,5345820000000,,607.0,750000000.0,3.0
5345830000000,60776,5345830000000,,607.0,760000000.0,3.0
5345840000000,60777,5345840000000,,607.0,770000000.0,3.0
5345850000000,60778,5345850000000,,607.0,780000000.0,3.0
5345860000000,60779,5345860000000,,607.0,790000000.0,3.0
5345870000000,60780,5345870000000,,607.0,800000000.0,3.0
5345880000000,60781,5345880000000,,607.0,810000000.0,3.0
5345890000000,60782,5345890000000,,607.0,820000000.0,3.0
5345900000000,60783,5345900000000,,607.0,830000000.0,3.0
5345910000000,60784,5345910000000,,607.0,840000000.0,3.0
5345920000000,60785,5345920000000,,607.0,850000000.0,3.0
5345930000000,60786,5345930000000,,607.0,860000000.0,3.0
5345940000000,60787,5345940000000,,607.0,870000000.0,3.0
5345950000000,60788,5345950000000,,607.0,880000000.0,3.0
5345960000000,60789,5345960000000,,607.0,890000000.0,3.0
5345970000000,60790,5345970000000,,607.0,900000000.0,3.0
5345980000000,60791,5345980000000,,607.0,910000000.0,3.0
5345990000000,60792,5345990000000,,607.0,920000000.0,3.0
5346000000000,60793,5346000000000,,607.0,930000000.0,3.0
5346010000000,60794,5346010000000,,607.0,940000000.0,3.0
5346020000000,60795,5346020000000,,607.0,950000000.0,3.0
5346030000000,60796,5346030000000,,607.0,960000000.0,3.0
5346040000000,60797,5346040000000,,607.0,970000000.0,3.0
5346050000000,60798,5346050000000,,607.0,980000000.0,3.0
5346060000000,60799,5346060000000,,607.0,990000000.0,3.0
5346070000000,60800,5346070000000,,608.0,0.0,3.0
5346080000000,60801,5346080000000,,608.0,10000000.0,3.0
5346090000000,60802,5346090000000,,608.0,20000000.0,3.0
5346100000000,60803,5346100000000,,608.0,30000000.0,3.0
5346110000000,60804,5346110000000,,608.0,40000000.0,3.0
5346120000000,60805,5346120000000,,608.0,50000000.0001,3.0
5346130000000,60806,5346130000000,,608.0,60000000.0,3.0
5346140000000,60807,5346140000000,,608.0,70000000.0,3.0
5346150000000,60808,5346150000000,,608.0,80000000.0,3.0
5346160000000,60809,5346160000000,,608.0,90000000.0,3.0
5346170000000,60810,5346170000000,,608.0,100000000.0,3.0
5346180000000,60811,5346180000000,,608.0,110000000.0,3.0
5346190000000,60812,5346190000000,,608.0,120000000.0,3.0
5346200000000,60813,5346200000000,,608.0,130000000.0,3.0
5346210000000,60814,5346210000000,,608.0,140000000.0,3.0
5346220000000,60815,5346220000000,,608.0,150000000.0,3.0
5346230000000,60816,5346230000000,,608.0,160000000.0,3.0
5346240000000,60817,5346240000000,,608.0,170000000.0,3.0
5346250000000,60818,5346250000000,,608.0,180000000.0,3.0
5346260000000,60819,5346260000000,,608.0,190000000.0,3.0
5346270000000,60820,5346270000000,,608.0,200000000.0,3.0
5346280000000,60821,5346280000000,,608.0,210000000.0,3.0
5346310000000,60822,5346310000000,,608.0,220000000.0,3.0
5346320000000,60823,5346320000000,,608.0,230000000.0,3.0
5346330000000,60824,5346330000000,,608.0,240000000.0,3.0
5346340000000,60825,5346340000000,,608.0,250000000.0,3.0
5346350000000,60826,5346350000000,,608.0,260000000.0,3.0
5346360000000,60827,5346360000000,,608.0,270000000.0,3.0
5346370000000,60828,5346370000000,,608.0,280000000.0,3.0
5346380000000,60829,5346380000000,,608.0,290000000.0,3.0
5346390000000,60830,5346390000000,,608.0,300000000.0,3.0
5346400000000,60831,5346400000000,,608.0,310000000.0,3.0
5346410000000,60832,5346410000000,,608.0,320000000.0,3.0
5346420000000,60833,5346420000000,,608.0,330000000.0,3.0
5346430000000,60834,5346430000000,,608.0,340000000.0,3.0
5346440000000,60835,5346440000000,,608.0,350000000.0,3.0
5346450000000,60836,5346450000000,,608.0,360000000.0,3.0
5346460000000,60837,5346460000000,,608.0,370000000.0,3.0
5346470000000,60838,5346470000000,,608.0,380000000.0,3.0
5346480000000,60839,5346480000000,,608.0,390000000.0,3.0
5346490000000,60840,5346490000000,,608.0,400000000.0,3.0
5346500000000,60841,5346500000000,,608.0,410000000.0,3.0
5346510000000,60842,5346510000000,,608.0,420000000.0,3.0
5346520000000,60843,5346520000000,,608.0,430000000.0,3.0
5346530000000,60844,5346530000000,,608.0,440000000.0,3.0
5346540000000,60845,5346540000000,,608.0,450000000.0,3.0
5346550000000,60846,5346550000000,,608.0,460000000.0,3.0
5346560000000,60847,5346560000000,,608.0,470000000.0,3.0
5346580000000,60848,5346580000000,,608.0,480000000.0,3.0
5346580000000,60849,5346580000000,,608.0,490000000.0,3.0
5346590000000,60850,5346590000000,,608.0,500000000.0,3.0
5346600000000,60851,5346600000000,,608.0,510000000.0,3.0
5346610000000,60852,5346610000000,,608.0,520000000.0,3.0
5346620000000,60853,5346620000000,,608.0,530000000.0,3.0
5346630000000,60854,5346630000000,,608.0,540000000.0,3.0
5346640000000,60855,5346640000000,,608.0,550000000.0,3.0
5346650000000,60856,5346650000000,,608.0,560000000.0,3.0
5346660000000,60857,5346660000000,,608.0,570000000.0,3.0
5346670000000,60858,5346670000000,,608.0,580000000.0,3.0
5346680000000,60859,5346680000000,,608.0,590000000.0,3.0
5346690000000,60860,5346690000000,,608.0,600000000.0,3.0
5346700000000,60861,5346700000000,,608.0,610000000.0,3.0
5346710000000,60862,5346710000000,,608.0,620000000.0,3.0
5346720000000,60863,5346720000000,,608.0,630000000.0,3.0
5346730000000,60864,5346730000000,,608.0,640000000.0,3.0
5346740000000,60865,5346740000000,,608.0,650000000.0,3.0
5346750000000,60866,5346750000000,,608.0,660000000.0,3.0
5346760000000,60867,5346760000000,,608.0,670000000.0,3.0
5346770000000,60868,5346770000000,,608.0,680000000.0,3.0
5346780000000,60869,5346780000000,,608.0,690000000.0,3.0
5346790000000,60870,5346790000000,,608.0,700000000.0,3.0
5346800000000,60871,5346800000000,,608.0,710000000.0,3.0
5346810000000,60872,5346810000000,,608.0,720000000.0,3.0
5346820000000,60873,5346820000000,,608.0,730000000.0,3.0
5346850000000,60874,5346850000000,,608.0,740000000.0,3.0
5346860000000,60875,5346860000000,,608.0,750000000.0,3.0
5346870000000,60876,5346870000000,,608.0,760000000.0,3.0
5346880000000,60877,5346880000000,,608.0,770000000.0,3.0
5346890000000,60878,5346890000000,,608.0,780000000.0,3.0
5346900000000,60879,5346900000000,,608.0,790000000.0,3.0
5346910000000,60880,5346910000000,,608.0,800000000.0,3.0
5346920000000,60881,5346920000000,,608.0,810000000.0,3.0
5346930000000,60882,5346930000000,,608.0,820000000.0,3.0
5346940000000,60883,5346940000000,,608.0,830000000.0,3.0
5346950000000,60884,5346950000000,,608.0,840000000.0,3.0
